#-----------------------------------------------------------
# Vivado v2023.1 (64-bit)
# SW Build 3865809 on Sun May  7 15:05:29 MDT 2023
# IP Build 3864474 on Sun May  7 20:36:21 MDT 2023
# SharedData Build 3865790 on Sun May 07 13:33:03 MDT 2023
# Start of session at: Mon Sep 14 16:45:09 2026
# Process ID: 22540
# Current directory: C:/Users/eduar/Documents/GitHub/school/ece524l-fpga-asic-design-lab/lab-1-clocks-and-counters-project
# Command line: vivado.exe -gui_launcher_event rodinguilauncherevent15828 C:\Users\eduar\Documents\GitHub\school\ece524l-fpga-asic-design-lab\lab-1-clocks-and-counters-project\lab-1-clocks-and-counters-project-feranmi.xpr
# Log file: C:/Users/eduar/Documents/GitHub/school/ece524l-fpga-asic-design-lab/lab-1-clocks-and-counters-project/vivado.log
# Journal file: C:/Users/eduar/Documents/GitHub/school/ece524l-fpga-asic-design-lab/lab-1-clocks-and-counters-project\vivado.jou
# Running On: TABLET-9UARK71U, OS: Windows, CPU Frequency: 2995 MHz, CPU Physical cores: 4, Host memory: 16983 MB
#-----------------------------------------------------------
start_guioopen_project C:/Users/eduar/Documents/GitHub/school/ece524l-fpga-asic-design-lab/lab-1-clocks-and-counters-project/lab-1-clocks-and-counters-project-feranmi.xpr
INFO: [ProjectBase 1-489] The host OS only allows 260 characters in a normal path. The project is stored in a path with more than 80 characters. If you experience issues with IP, Block Designs, or files not being found, please consider moving the project to a location with a shorter path. Alternately consider using the OS subst command to map part of the path to a drive letter.
Current project path is 'C:/Users/eduar/Documents/GitHub/school/ece524l-fpga-asic-design-lab/lab-1-clocks-and-counters-project'WWARNING: [Board 49-26] cannot add Board Part xilinx.com:kcu105:part0:1.6 available at C:/Xilinx/Vivado/2023.1/data/xhub/boards/XilinxBoardStore/boards/Xilinx/kcu105/1.6/board.xml as part xcku040-ffva1156-2-e specified in board_part file is either invalid or not available
WARNING: [Board 49-26] cannot add Board Part xilinx.com:kcu105:part0:1.7 available at C:/Xilinx/Vivado/2023.1/data/xhub/boards/XilinxBoardStore/boards/Xilinx/kcu105/1.7/board.xml as part xcku040-ffva1156-2-e specified in board_part file is either invalid or not available
WARNING: [Board 49-26] cannot add Board Part xilinx.com:kcu116:part0:1.4 available at C:/Xilinx/Vivado/2023.1/data/xhub/boards/XilinxBoardStore/boards/Xilinx/kcu116/1.4/board.xml as part xcku5p-ffvb676-2-e specified in board_part file is either invalid or not available
WARNING: [Board 49-26] cannot add Board Part xilinx.com:kcu116:part0:1.5 available at C:/Xilinx/Vivado/2023.1/data/xhub/boards/XilinxBoardStore/boards/Xilinx/kcu116/1.5/board.xml as part xcku5p-ffvb676-2-e specified in board_part file is either invalid or not available
WARNING: [Board 49-26] cannot add Board Part xilinx.com:kcu1500:part0:1.2 available at C:/Xilinx/Vivado/2023.1/data/xhub/boards/XilinxBoardStore/boards/Xilinx/kcu1500/1.2/board.xml as part xcku115-flvb2104-2-e specified in board_part file is either invalid or not available
WARNING: [Board 49-26] cannot add Board Part xilinx.com:vck190:part0:2.2 available at C:/Xilinx/Vivado/2023.1/data/xhub/boards/XilinxBoardStore/boards/Xilinx/vck190/production/2.2/board.xml as part xcvc1902-vsva2197-2mp-e-s specified in board_part file is either invalid or not available
WARNING: [Board 49-26] cannot add Board Part xilinx.com:vck190:part0:3.0 available at C:/Xilinx/Vivado/2023.1/data/xhub/boards/XilinxBoardStore/boards/Xilinx/vck190/production/3.0/board.xml as part xcvc1902-vsva2197-2mp-e-s specified in board_part file is either invalid or not available
WARNING: [Board 49-26] cannot add Board Part xilinx.com:vck190:part0:3.1 available at C:/Xilinx/Vivado/2023.1/data/xhub/boards/XilinxBoardStore/boards/Xilinx/vck190/production/3.1/board.xml as part xcvc1902-vsva2197-2mp-e-s specified in board_part file is either invalid or not available
WARNING: [Board 49-26] cannot add Board Part xilinx.com:vck190:part0:3.2 available at C:/Xilinx/Vivado/2023.1/data/xhub/boards/XilinxBoardStore/boards/Xilinx/vck190/production/3.2/board.xml as part xcvc1902-vsva2197-2mp-e-s specified in board_part file is either invalid or not available
WARNING: [Board 49-26] cannot add Board Part xilinx.com:vck190_newl:part0:1.0 available at C:/Xilinx/Vivado/2023.1/data/xhub/boards/XilinxBoardStore/boards/Xilinx/vck190_newl/production/1.0/board.xml as part xcvc1902-vsva2197-2mp-e-s specified in board_part file is either invalid or not available
WARNING: [Board 49-26] cannot add Board Part xilinx.com:vck190_newl:part0:1.1 available at C:/Xilinx/Vivado/2023.1/data/xhub/boards/XilinxBoardStore/boards/Xilinx/vck190_newl/production/1.1/board.xml as part xcvc1902-vsva2197-2mp-e-s specified in board_part file is either invalid or not available
WARNING: [Board 49-26] cannot add Board Part xilinx.com:vcu108:part0:1.6 available at C:/Xilinx/Vivado/2023.1/data/xhub/boards/XilinxBoardStore/boards/Xilinx/vcu108/1.6/board.xml as part xcvu095-ffva2104-2-e specified in board_part file is either invalid or not available
WARNING: [Board 49-26] cannot add Board Part xilinx.com:vcu108:part0:1.7 available at C:/Xilinx/Vivado/2023.1/data/xhub/boards/XilinxBoardStore/boards/Xilinx/vcu108/1.7/board.xml as part xcvu095-ffva2104-2-e specified in board_part file is either invalid or not available
WARNING: [Board 49-26] cannot add Board Part xilinx.com:vcu110:part0:1.4 available at C:/Xilinx/Vivado/2023.1/data/xhub/boards/XilinxBoardStore/boards/Xilinx/vcu110/1.4/board.xml as part xcvu190-flgc2104-2-e specified in board_part file is either invalid or not available
WARNING: [Board 49-26] cannot add Board Part xilinx.com:vcu118:part0:2.0 available at C:/Xilinx/Vivado/2023.1/data/xhub/boards/XilinxBoardStore/boards/Xilinx/vcu118/2.0/board.xml as part xcvu9p-flga2104-2l-e specified in board_part file is either invalid or not available
WARNING: [Board 49-26] cannot add Board Part xilinx.com:vcu118:part0:2.3 available at C:/Xilinx/Vivado/2023.1/data/xhub/boards/XilinxBoardStore/boards/Xilinx/vcu118/2.3/board.xml as part xcvu9p-flga2104-2l-e specified in board_part file is either invalid or not available
WARNING: [Board 49-26] cannot add Board Part xilinx.com:vcu118:part0:2.4 available at C:/Xilinx/Vivado/2023.1/data/xhub/boards/XilinxBoardStore/boards/Xilinx/vcu118/2.4/board.xml as part xcvu9p-flga2104-2l-e specified in board_part file is either invalid or not available
WARNING: [Board 49-26] cannot add Board Part xilinx.com:vcu128:part0:1.0 available at C:/Xilinx/Vivado/2023.1/data/xhub/boards/XilinxBoardStore/boards/Xilinx/vcu128/production/1.0/board.xml as part xcvu37p-fsvh2892-2l-e specified in board_part file is either invalid or not available
WARNING: [Board 49-26] cannot add Board Part xilinx.com:vcu129:part0:1.0 available at C:/Xilinx/Vivado/2023.1/data/xhub/boards/XilinxBoardStore/boards/Xilinx/vcu129/production/1.0/board.xml as part xcvu29p-fsga2577-2l-e specified in board_part file is either invalid or not available
WARNING: [Board 49-26] cannot add Board Part xilinx.com:vcu1525:part0:1.3 available at C:/Xilinx/Vivado/2023.1/data/xhub/boards/XilinxBoardStore/boards/Xilinx/vcu1525/1.3/board.xml as part xcvu9p-fsgd2104-2l-e specified in board_part file is either invalid or not available
WARNING: [Board 49-26] cannot add Board Part xilinx.com:vek280_es:part0:1.0 available at C:/Xilinx/Vivado/2023.1/data/xhub/boards/XilinxBoardStore/boards/Xilinx/vek280/es/rev_a/1.0/board.xml as part xcve2802-vsvh1760-2lp-e-s-es1 specified in board_part file is either invalid or not available
WARNING: [Board 49-26] cannot add Board Part xilinx.com:vek280_es:part0:1.1 available at C:/Xilinx/Vivado/2023.1/data/xhub/boards/XilinxBoardStore/boards/Xilinx/vek280/es/rev_a/1.1/board.xml as part xcve2802-vsvh1760-2lp-e-s-es1 specified in board_part file is either invalid or not available
WARNING: [Board 49-26] cannot add Board Part xilinx.com:vek280_es_revb:part0:1.0 available at C:/Xilinx/Vivado/2023.1/data/xhub/boards/XilinxBoardStore/boards/Xilinx/vek280/es/rev_b/1.0/board.xml as part xcve2802-vsvh1760-2mp-e-s-es1 specified in board_part file is either invalid or not available
WARNING: [Board 49-26] cannot add Board Part xilinx.com:vek280_es_revb:part0:1.1 available at C:/Xilinx/Vivado/2023.1/data/xhub/boards/XilinxBoardStore/boards/Xilinx/vek280/es/rev_b/1.1/board.xml as part xcve2802-vsvh1760-2mp-e-s-es1 specified in board_part file is either invalid or not available
WARNING: [Board 49-26] cannot add Board Part xilinx.com:vhk158:part0:1.0 available at C:/Xilinx/Vivado/2023.1/data/xhub/boards/XilinxBoardStore/boards/Xilinx/vhk158/production/1.0/board.xml as part xcvh1582-vsva3697-2mp-e-s specified in board_part file is either invalid or not available
WARNING: [Board 49-26] cannot add Board Part xilinx.com:vhk158_es:part0:1.0 available at C:/Xilinx/Vivado/2023.1/data/xhub/boards/XilinxBoardStore/boards/Xilinx/vhk158/es/1.0/board.xml as part xcvh1582-vsva3697-2mp-e-s-es1 specified in board_part file is either invalid or not available
WARNING: [Board 49-26] cannot add Board Part xilinx.com:vhk158_es:part0:1.1 available at C:/Xilinx/Vivado/2023.1/data/xhub/boards/XilinxBoardStore/boards/Xilinx/vhk158/es/1.1/board.xml as part xcvh1582-vsva3697-2mp-e-s-es1 specified in board_part file is either invalid or not available
WARNING: [Board 49-26] cannot add Board Part xilinx.com:vmk180:part0:2.2 available at C:/Xilinx/Vivado/2023.1/data/xhub/boards/XilinxBoardStore/boards/Xilinx/vmk180/production/2.2/board.xml as part xcvm1802-vsva2197-2mp-e-s specified in board_part file is either invalid or not available
WARNING: [Board 49-26] cannot add Board Part xilinx.com:vmk180:part0:3.0 available at C:/Xilinx/Vivado/2023.1/data/xhub/boards/XilinxBoardStore/boards/Xilinx/vmk180/production/3.0/board.xml as part xcvm1802-vsva2197-2mp-e-s specified in board_part file is either invalid or not available
WARNING: [Board 49-26] cannot add Board Part xilinx.com:vmk180:part0:3.1 available at C:/Xilinx/Vivado/2023.1/data/xhub/boards/XilinxBoardStore/boards/Xilinx/vmk180/production/3.1/board.xml as part xcvm1802-vsva2197-2mp-e-s specified in board_part file is either invalid or not available
WARNING: [Board 49-26] cannot add Board Part xilinx.com:vmk180:part0:3.2 available at C:/Xilinx/Vivado/2023.1/data/xhub/boards/XilinxBoardStore/boards/Xilinx/vmk180/production/3.2/board.xml as part xcvm1802-vsva2197-2mp-e-s specified in board_part file is either invalid or not available
WARNING: [Board 49-26] cannot add Board Part xilinx.com:vmk180_newl:part0:1.0 available at C:/Xilinx/Vivado/2023.1/data/xhub/boards/XilinxBoardStore/boards/Xilinx/vmk180_newl/production/1.0/board.xml as part xcvm1802-vsva2197-2mp-e-s specified in board_part file is either invalid or not available
WARNING: [Board 49-26] cannot add Board Part xilinx.com:vmk180_newl:part0:1.1 available at C:/Xilinx/Vivado/2023.1/data/xhub/boards/XilinxBoardStore/boards/Xilinx/vmk180_newl/production/1.1/board.xml as part xcvm1802-vsva2197-2mp-e-s specified in board_part file is either invalid or not available
WARNING: [Board 49-26] cannot add Board Part xilinx.com:vpk120:part0:1.0 available at C:/Xilinx/Vivado/2023.1/data/xhub/boards/XilinxBoardStore/boards/Xilinx/vpk120/production/1.0/board.xml as part xcvp1202-vsva2785-2mp-e-s specified in board_part file is either invalid or not available
WARNING: [Board 49-26] cannot add Board Part xilinx.com:vpk120:part0:1.1 available at C:/Xilinx/Vivado/2023.1/data/xhub/boards/XilinxBoardStore/boards/Xilinx/vpk120/production/1.1/board.xml as part xcvp1202-vsva2785-2mp-e-s specified in board_part file is either invalid or not available
WARNING: [Board 49-26] cannot add Board Part xilinx.com:vpk120_es:part0:1.2 available at C:/Xilinx/Vivado/2023.1/data/xhub/boards/XilinxBoardStore/boards/Xilinx/vpk120/es/1.2/board.xml as part xcvp1202-vsva2785-2mp-e-s-es1 specified in board_part file is either invalid or not available
WARNING: [Board 49-26] cannot add Board Part xilinx.com:vpk120_es:part0:1.3 available at C:/Xilinx/Vivado/2023.1/data/xhub/boards/XilinxBoardStore/boards/Xilinx/vpk120/es/1.3/board.xml as part xcvp1202-vsva2785-2mp-e-s-es1 specified in board_part file is either invalid or not available
WARNING: [Board 49-26] cannot add Board Part xilinx.com:vpk120_es_revb:part0:1.0 available at C:/Xilinx/Vivado/2023.1/data/xhub/boards/XilinxBoardStore/boards/Xilinx/vpk120_revb/es/1.0/board.xml as part xcvp1202-vsva2785-2mp-e-s-es1 specified in board_part file is either invalid or not available
WARNING: [Board 49-26] cannot add Board Part xilinx.com:vpk120_es_revb:part0:1.1 available at C:/Xilinx/Vivado/2023.1/data/xhub/boards/XilinxBoardStore/boards/Xilinx/vpk120_revb/es/1.1/board.xml as part xcvp1202-vsva2785-2mp-e-s-es1 specified in board_part file is either invalid or not available
WARNING: [Board 49-26] cannot add Board Part xilinx.com:vpk180:part0:1.0 available at C:/Xilinx/Vivado/2023.1/data/xhub/boards/XilinxBoardStore/boards/Xilinx/vpk180/production/1.0/board.xml as part xcvp1802-lsvc4072-2mp-e-s specified in board_part file is either invalid or not available
WARNING: [Board 49-26] cannot add Board Part xilinx.com:vpk180:part0:1.1 available at C:/Xilinx/Vivado/2023.1/data/xhub/boards/XilinxBoardStore/boards/Xilinx/vpk180/production/1.1/board.xml as part xcvp1802-lsvc4072-2mp-e-s specified in board_part file is either invalid or not available
WARNING: [Board 49-26] cannot add Board Part xilinx.com:vpk180_es:part0:1.0 available at C:/Xilinx/Vivado/2023.1/data/xhub/boards/XilinxBoardStore/boards/Xilinx/vpk180/es/1.0/board.xml as part xcvp1802-lsvc4072-2mp-e-s-es1 specified in board_part file is either invalid or not available
WARNING: [Board 49-26] cannot add Board Part xilinx.com:vpk180_es:part0:1.1 available at C:/Xilinx/Vivado/2023.1/data/xhub/boards/XilinxBoardStore/boards/Xilinx/vpk180/es/1.1/board.xml as part xcvp1802-lsvc4072-2mp-e-s-es1 specified in board_part file is either invalid or not available
WARNING: [Board 49-26] cannot add Board Part xilinx.com:zcu208ld:part0:2.0 available at C:/Xilinx/Vivado/2023.1/data/xhub/boards/XilinxBoardStore/boards/Xilinx/zcu208ld/production/2.0/board.xml as part xczu58dr-fsvg1517-2-i specified in board_part file is either invalid or not available
WARNING: [Board 49-26] cannot add Board Part xilinx.com:zcu216ld:part0:2.0 available at C:/Xilinx/Vivado/2023.1/data/xhub/boards/XilinxBoardStore/boards/Xilinx/zcu216ld/production/2.0/board.xml as part xczu59dr-ffvf1760-2-i specified in board_part file is either invalid or not available
WARNING: [Board 49-26] cannot add Board Part xilinx.com:zcu670:part0:2.0 available at C:/Xilinx/Vivado/2023.1/data/xhub/boards/XilinxBoardStore/boards/Xilinx/zcu670/2.0/board.xml as part xczu67dr-fsve1156-2-i specified in board_part file is either invalid or not available
WARNING: [Board 49-26] cannot add Board Part xilinx.com:zcu670ld:part0:1.0 available at C:/Xilinx/Vivado/2023.1/data/xhub/boards/XilinxBoardStore/boards/Xilinx/zcu670ld/1.0/board.xml as part xczu57dr-fsve1156-2-i specified in board_part file is either invalid or not available
INFO: [Project 1-313] Project file moved from 'C:/Users/eduar/Documents/GitHub/school/ece524l-fpga-asic-design-lab/lab-1-clocks-and-counters-project-feranmi' since last save.
INFO: [filemgmt 56-3] Default IP Output Path : Could not find the directory 'C:/Users/eduar/Documents/GitHub/school/ece524l-fpga-asic-design-lab/lab-1-clocks-and-counters-project/lab-1-clocks-and-counters-project-feranmi.gen/sources_1'.
Scanning sources...
Finished scanning sources
INFO: [IP_Flow 19-234] Refreshing IP repositories
INFO: [IP_Flow 19-1704] No user IP repositories specified
INFO: [IP_Flow 19-2313] Loaded Vivado IP repository 'C:/Xilinx/Vivado/2023.1/data/ip'.open_project: Time (s): cpu = 00:01:16 ; elapsed = 00:00:39 . Memory (MB): peak = 1542.199 ; gain = 313.305
update_compile_order -fileset sources_1
reset_run synth_1
WARNING: [Vivado 12-1017] Problems encountered:
1. Couldn't access process for termination

exit
INFO: [Common 17-206] Exiting Vivado at Mon Sep 14 16:47:17 2026...
s-project-feranmi.srcs/utils_1/imports/synth_1/top_level_counter_mux.dcp with file C:/Users/eduar/Documents/GitHub/school/ece524l-fpga-asic-design-lab/lab-1-clocks-and-counters-project/lab-1-clocks-and-counters-project-feranmi.runs/synth_1/top_level_counter_mux.dcp
WARNING: [Vivado 12-1017] Problems encountered:
1. Failed to delete one or more files in run directory C:/Users/eduar/Documents/GitHub/school/ece524l-fpga-asic-design-lab/lab-1-clocks-and-counters-project/lab-1-clocks-and-counters-project-feranmi.runs/synth_1

launch_runs synth_1 -jobs 8
[Mon Sep 14 16:46:32 2026] Launched synth_1...
Run output will be captured here: C:/Users/eduar/Documents/GitHub/school/ece524l-fpga-asic-design-lab/lab-1-clocks-and-counters-project/lab-1-clocks-and-counters-project-feranmi.runs/synth_1/runme.log
launch_runs impl_1 -jobs 8
[Mon Sep 14 16:47:26 2026] Launched synth_1...
Run output will be captured here: C:/Users/eduar/Documents/GitHub/school/ece524l-fpga-asic-design-lab/lab-1-clocks-and-counters-project/lab-1-clocks-and-counters-project-feranmi.runs/synth_1/runme.log
[Mon Sep 14 16:47:26 2026] Launched impl_1...
Run output will be captured here: C:/Users/eduar/Documents/GitHub/school/ece524l-fpga-asic-design-lab/lab-1-clocks-and-counters-project/lab-1-clocks-and-counters-project-feranmi.runs/impl_1/runme.log
launch_simulation
Command: launch_simulation 
INFO: [Vivado 12-12493] Simulation top is 'tb_top_level'
WARNING: [Vivado 12-13340] Unable to auto find GCC executables from simulator install path! (path not set)
INFO: [Vivado 12-5682] Launching behavioral simulation in 'C:/Users/eduar/Documents/GitHub/school/ece524l-fpga-asic-design-lab/lab-1-clocks-and-counters-project/lab-1-clocks-and-counters-project-feranmi.sim/sim_1/behav/xsim'
INFO: [SIM-utils-51] Simulation object is 'sim_1'
INFO: [SIM-utils-72] Using boost library from 'C:/Xilinx/Vivado/2023.1/tps/boost_1_72_0'
INFO: [SIM-utils-54] Inspecting design source files for 'tb_top_level' in fileset 'sim_1'...
INFO: [USF-XSim-97] Finding global include files...
INFO: [USF-XSim-98] Fetching design files from 'sim_1'...
INFO: [USF-XSim-2] XSim::Compile design
INFO: [USF-XSim-61] Executing 'COMPILE and ANALYZE' step in 'C:/Users/eduar/Documents/GitHub/school/ece524l-fpga-asic-design-lab/lab-1-clocks-and-counters-project/lab-1-clocks-and-counters-project-feranmi.sim/sim_1/behav/xsim'
"xvlog --incr --relax -prj tb_top_level_vlog.prj"
ECHO is off.
ECHO is off.
INFO: [VRFC 10-2263] Analyzing Verilog file "C:/Users/eduar/Documents/GitHub/school/ece524l-fpga-asic-design-lab/lab-1-clocks-and-counters-project/lab-1-clocks-and-counters-project-feranmi.srcs/sources_1/imports/ece524-lab1-code-feranmi/BCD_Counter.v" into library xil_defaultlib
INFO: [VRFC 10-311] analyzing module BCD_Counter
INFO: [VRFC 10-2263] Analyzing Verilog file "C:/Users/eduar/Documents/GitHub/school/ece524l-fpga-asic-design-lab/lab-1-clocks-and-counters-project/lab-1-clocks-and-counters-project-feranmi.srcs/sources_1/imports/ece524-lab1-code-feranmi/bit_counter.v" into library xil_defaultlib
INFO: [VRFC 10-311] analyzing module bit_counter
INFO: [VRFC 10-2263] Analyzing Verilog file "C:/Users/eduar/Documents/GitHub/school/ece524l-fpga-asic-design-lab/lab-1-clocks-and-counters-project/lab-1-clocks-and-counters-project-feranmi.srcs/sources_1/imports/ece524-lab1-code-feranmi/clock_divider.v" into library xil_defaultlib
INFO: [VRFC 10-311] analyzing module clock_divider
INFO: [VRFC 10-2263] Analyzing Verilog file "C:/Users/eduar/Documents/GitHub/school/ece524l-fpga-asic-design-lab/lab-1-clocks-and-counters-project/lab-1-clocks-and-counters-project-feranmi.srcs/sources_1/imports/ece524-lab1-code-feranmi/even_counter.v" into library xil_defaultlib
INFO: [VRFC 10-311] analyzing module even_counter
INFO: [VRFC 10-2263] Analyzing Verilog file "C:/Users/eduar/Documents/GitHub/school/ece524l-fpga-asic-design-lab/lab-1-clocks-and-counters-project/lab-1-clocks-and-counters-project-feranmi.srcs/sources_1/imports/ece524-lab1-code-feranmi/fibonacci_counter.v" into library xil_defaultlib
INFO: [VRFC 10-311] analyzing module fibonacci_counter
INFO: [VRFC 10-2263] Analyzing Verilog file "C:/Users/eduar/Documents/GitHub/school/ece524l-fpga-asic-design-lab/lab-1-clocks-and-counters-project/lab-1-clocks-and-counters-project-feranmi.srcs/sources_1/imports/ece524-lab1-code-feranmi/greycode_counter.v" into library xil_defaultlib
INFO: [VRFC 10-311] analyzing module gray_counter
INFO: [VRFC 10-2263] Analyzing Verilog file "C:/Users/eduar/Documents/GitHub/school/ece524l-fpga-asic-design-lab/lab-1-clocks-and-counters-project/lab-1-clocks-and-counters-project-feranmi.srcs/sources_1/imports/ece524-lab1-code-feranmi/johnson_counter.v" into library xil_defaultlib
INFO: [VRFC 10-311] analyzing module johnson_counter
INFO: [VRFC 10-2263] Analyzing Verilog file "C:/Users/eduar/Documents/GitHub/school/ece524l-fpga-asic-design-lab/lab-1-clocks-and-counters-project/lab-1-clocks-and-counters-project-feranmi.srcs/sources_1/imports/ece524-lab1-code-feranmi/odd_counter.v" into library xil_defaultlib
INFO: [VRFC 10-311] analyzing module odd_counter
INFO: [VRFC 10-2263] Analyzing Verilog file "C:/Users/eduar/Documents/GitHub/school/ece524l-fpga-asic-design-lab/lab-1-clocks-and-counters-project/lab-1-clocks-and-counters-project-feranmi.srcs/sources_1/imports/ece524-lab1-code-feranmi/ring_counter.v" into library xil_defaultlib
INFO: [VRFC 10-311] analyzing module ring_counter
INFO: [VRFC 10-2263] Analyzing Verilog file "C:/Users/eduar/Documents/GitHub/school/ece524l-fpga-asic-design-lab/lab-1-clocks-and-counters-project/lab-1-clocks-and-counters-project-feranmi.srcs/sources_1/imports/ece524-lab1-code-feranmi/top_level.v" into library xil_defaultlib
INFO: [VRFC 10-311] analyzing module top_level_counter_mux
INFO: [VRFC 10-2263] Analyzing Verilog file "C:/Users/eduar/Documents/GitHub/school/ece524l-fpga-asic-design-lab/lab-1-clocks-and-counters-project/lab-1-clocks-and-counters-project-feranmi.srcs/sim_1/new/tb_top_level.v" into library xil_defaultlib
INFO: [VRFC 10-311] analyzing module tb_top_level
INFO: [VRFC 10-2263] Analyzing Verilog file "C:/Users/eduar/Documents/GitHub/school/ece524l-fpga-asic-design-lab/lab-1-clocks-and-counters-project/lab-1-clocks-and-counters-project-feranmi.sim/sim_1/behav/xsim/glbl.v" into library xil_defaultlib
INFO: [VRFC 10-311] analyzing module glbl
INFO: [USF-XSim-69] 'compile' step finished in '3' seconds
INFO: [USF-XSim-3] XSim::Elaborate design
INFO: [USF-XSim-61] Executing 'ELABORATE' step in 'C:/Users/eduar/Documents/GitHub/school/ece524l-fpga-asic-design-lab/lab-1-clocks-and-counters-project/lab-1-clocks-and-counters-project-feranmi.sim/sim_1/behav/xsim'
"xelab --incr --debug typical --relax --mt 2 -L xil_defaultlib -L unisims_ver -L unimacro_ver -L secureip --snapshot tb_top_level_behav xil_defaultlib.tb_top_level xil_defaultlib.glbl -log elaborate.log"
ECHO is off.
ECHO is off.
Vivado Simulator v2023.1
Copyright 1986-2022 Xilinx, Inc. All Rights Reserved.
Copyright 2022-2023 Advanced Micro Devices, Inc. All Rights Reserved.
Running: C:/Xilinx/Vivado/2023.1/bin/unwrapped/win64.o/xelab.exe --incr --debug typical --relax --mt 2 -L xil_defaultlib -L unisims_ver -L unimacro_ver -L secureip --snapshot tb_top_level_behav xil_defaultlib.tb_top_level xil_defaultlib.glbl -log elaborate.log 
Using 2 slave threads.
Starting static elaboration
Pass Through NonSizing Optimizer
Completed static elaboration
Starting simulation data flow analysis
WARNING: [XSIM 43-4099] "C:/Users/eduar/Documents/GitHub/school/ece524l-fpga-asic-design-lab/lab-1-clocks-and-counters-project/lab-1-clocks-and-counters-project-feranmi.srcs/sources_1/imports/ece524-lab1-code-feranmi/top_level.v" Line 1. Module top_level_counter_mux doesn't have a timescale but at least one module in design has a timescale.
WARNING: [XSIM 43-4099] "C:/Users/eduar/Documents/GitHub/school/ece524l-fpga-asic-design-lab/lab-1-clocks-and-counters-project/lab-1-clocks-and-counters-project-feranmi.srcs/sources_1/imports/ece524-lab1-code-feranmi/clock_divider.v" Line 1. Module clock_divider doesn't have a timescale but at least one module in design has a timescale.
WARNING: [XSIM 43-4099] "C:/Users/eduar/Documents/GitHub/school/ece524l-fpga-asic-design-lab/lab-1-clocks-and-counters-project/lab-1-clocks-and-counters-project-feranmi.srcs/sources_1/imports/ece524-lab1-code-feranmi/bit_counter.v" Line 1. Module bit_counter doesn't have a timescale but at least one module in design has a timescale.
WARNING: [XSIM 43-4099] "C:/Users/eduar/Documents/GitHub/school/ece524l-fpga-asic-design-lab/lab-1-clocks-and-counters-project/lab-1-clocks-and-counters-project-feranmi.srcs/sources_1/imports/ece524-lab1-code-feranmi/even_counter.v" Line 1. Module even_counter doesn't have a timescale but at least one module in design has a timescale.
WARNING: [XSIM 43-4099] "C:/Users/eduar/Documents/GitHub/school/ece524l-fpga-asic-design-lab/lab-1-clocks-and-counters-project/lab-1-clocks-and-counters-project-feranmi.srcs/sources_1/imports/ece524-lab1-code-feranmi/fibonacci_counter.v" Line 1. Module fibonacci_counter doesn't have a timescale but at least one module in design has a timescale.
WARNING: [XSIM 43-4099] "C:/Users/eduar/Documents/GitHub/school/ece524l-fpga-asic-design-lab/lab-1-clocks-and-counters-project/lab-1-clocks-and-counters-project-feranmi.srcs/sources_1/imports/ece524-lab1-code-feranmi/greycode_counter.v" Line 1. Module gray_counter doesn't have a timescale but at least one module in design has a timescale.
WARNING: [XSIM 43-4099] "C:/Users/eduar/Documents/GitHub/school/ece524l-fpga-asic-design-lab/lab-1-clocks-and-counters-project/lab-1-clocks-and-counters-project-feranmi.srcs/sources_1/imports/ece524-lab1-code-feranmi/johnson_counter.v" Line 1. Module johnson_counter doesn't have a timescale but at least one module in design has a timescale.
WARNING: [XSIM 43-4099] "C:/Users/eduar/Documents/GitHub/school/ece524l-fpga-asic-design-lab/lab-1-clocks-and-counters-project/lab-1-clocks-and-counters-project-feranmi.srcs/sources_1/imports/ece524-lab1-code-feranmi/odd_counter.v" Line 1. Module odd_counter doesn't have a timescale but at least one module in design has a timescale.
WARNING: [XSIM 43-4099] "C:/Users/eduar/Documents/GitHub/school/ece524l-fpga-asic-design-lab/lab-1-clocks-and-counters-project/lab-1-clocks-and-counters-project-feranmi.srcs/sources_1/imports/ece524-lab1-code-feranmi/ring_counter.v" Line 1. Module ring_counter doesn't have a timescale but at least one module in design has a timescale.
WARNING: [XSIM 43-4099] "C:/Users/eduar/Documents/GitHub/school/ece524l-fpga-asic-design-lab/lab-1-clocks-and-counters-project/lab-1-clocks-and-counters-project-feranmi.srcs/sources_1/imports/ece524-lab1-code-feranmi/BCD_Counter.v" Line 1. Module BCD_Counter doesn't have a timescale but at least one module in design has a timescale.
WARNING: [XSIM 43-4099] "C:/Users/eduar/Documents/GitHub/school/ece524l-fpga-asic-design-lab/lab-1-clocks-and-counters-project/lab-1-clocks-and-counters-project-feranmi.srcs/sources_1/imports/ece524-lab1-code-feranmi/top_level.v" Line 1. Module top_level_counter_mux doesn't have a timescale but at least one module in design has a timescale.
WARNING: [XSIM 43-4099] "C:/Users/eduar/Documents/GitHub/school/ece524l-fpga-asic-design-lab/lab-1-clocks-and-counters-project/lab-1-clocks-and-counters-project-feranmi.srcs/sources_1/imports/ece524-lab1-code-feranmi/clock_divider.v" Line 1. Module clock_divider doesn't have a timescale but at least one module in design has a timescale.
WARNING: [XSIM 43-4099] "C:/Users/eduar/Documents/GitHub/school/ece524l-fpga-asic-design-lab/lab-1-clocks-and-counters-project/lab-1-clocks-and-counters-project-feranmi.srcs/sources_1/imports/ece524-lab1-code-feranmi/bit_counter.v" Line 1. Module bit_counter doesn't have a timescale but at least one module in design has a timescale.
WARNING: [XSIM 43-4099] "C:/Users/eduar/Documents/GitHub/school/ece524l-fpga-asic-design-lab/lab-1-clocks-and-counters-project/lab-1-clocks-and-counters-project-feranmi.srcs/sources_1/imports/ece524-lab1-code-feranmi/even_counter.v" Line 1. Module even_counter doesn't have a timescale but at least one module in design has a timescale.
WARNING: [XSIM 43-4099] "C:/Users/eduar/Documents/GitHub/school/ece524l-fpga-asic-design-lab/lab-1-clocks-and-counters-project/lab-1-clocks-and-counters-project-feranmi.srcs/sources_1/imports/ece524-lab1-code-feranmi/fibonacci_counter.v" Line 1. Module fibonacci_counter doesn't have a timescale but at least one module in design has a timescale.
WARNING: [XSIM 43-4099] "C:/Users/eduar/Documents/GitHub/school/ece524l-fpga-asic-design-lab/lab-1-clocks-and-counters-project/lab-1-clocks-and-counters-project-feranmi.srcs/sources_1/imports/ece524-lab1-code-feranmi/greycode_counter.v" Line 1. Module gray_counter doesn't have a timescale but at least one module in design has a timescale.
WARNING: [XSIM 43-4099] "C:/Users/eduar/Documents/GitHub/school/ece524l-fpga-asic-design-lab/lab-1-clocks-and-counters-project/lab-1-clocks-and-counters-project-feranmi.srcs/sources_1/imports/ece524-lab1-code-feranmi/johnson_counter.v" Line 1. Module johnson_counter doesn't have a timescale but at least one module in design has a timescale.
WARNING: [XSIM 43-4099] "C:/Users/eduar/Documents/GitHub/school/ece524l-fpga-asic-design-lab/lab-1-clocks-and-counters-project/lab-1-clocks-and-counters-project-feranmi.srcs/sources_1/imports/ece524-lab1-code-feranmi/odd_counter.v" Line 1. Module odd_counter doesn't have a timescale but at least one module in design has a timescale.
WARNING: [XSIM 43-4099] "C:/Users/eduar/Documents/GitHub/school/ece524l-fpga-asic-design-lab/lab-1-clocks-and-counters-project/lab-1-clocks-and-counters-project-feranmi.srcs/sources_1/imports/ece524-lab1-code-feranmi/ring_counter.v" Line 1. Module ring_counter doesn't have a timescale but at least one module in design has a timescale.
WARNING: [XSIM 43-4099] "C:/Users/eduar/Documents/GitHub/school/ece524l-fpga-asic-design-lab/lab-1-clocks-and-counters-project/lab-1-clocks-and-counters-project-feranmi.srcs/sources_1/imports/ece524-lab1-code-feranmi/BCD_Counter.v" Line 1. Module BCD_Counter doesn't have a timescale but at least one module in design has a timescale.
Completed simulation data flow analysis
Time Resolution for simulation is 1ps
Compiling module xil_defaultlib.clock_divider
Compiling module xil_defaultlib.bit_counter
Compiling module xil_defaultlib.even_counter
Compiling module xil_defaultlib.fibonacci_counter
Compiling module xil_defaultlib.gray_counter
Compiling module xil_defaultlib.johnson_counter
Compiling module xil_defaultlib.odd_counter
Compiling module xil_defaultlib.ring_counter
Compiling module xil_defaultlib.BCD_Counter
Compiling module xil_defaultlib.top_level_counter_mux
Compiling module xil_defaultlib.tb_top_level
Compiling module xil_defaultlib.glbl
Built simulation snapshot tb_top_level_behav
run_program: Time (s): cpu = 00:00:01 ; elapsed = 00:00:07 . Memory (MB): peak = 1563.711 ; gain = 0.000
INFO: [USF-XSim-69] 'elaborate' step finished in '6' seconds
INFO: [USF-XSim-4] XSim::Simulate design
INFO: [USF-XSim-61] Executing 'SIMULATE' step in 'C:/Users/eduar/Documents/GitHub/school/ece524l-fpga-asic-design-lab/lab-1-clocks-and-counters-project/lab-1-clocks-and-counters-project-feranmi.sim/sim_1/behav/xsim'
INFO: [USF-XSim-98] *** Running xsim
   with args "tb_top_level_behav -key {Behavioral:sim_1:Functional:tb_top_level} -tclbatch {tb_top_level.tcl} -log {simulate.log}"
INFO: [USF-XSim-8] Loading simulator feature
Time resolution is 1 ps
source tb_top_level.tcl
# set curr_wave [current_wave_config]
# if { [string length $curr_wave] == 0 } {
#   if { [llength [get_objects]] > 0} {
#     add_wave /
#     set_property needs_save false [current_wave_config]
#   } else {
#      send_msg_id Add_Wave-1 WARNING "No top level signals found. Simulator will start without a wave window. If you want to open a wave window go to 'File->New Waveform Configuration' or type 'create_wave_config' in the TCL console."
#   }
# }
# run 1000ns
INFO: [USF-XSim-96] XSim completed. Design snapshot 'tb_top_level_behav' loaded.
INFO: [USF-XSim-97] XSim simulation ran for 1000ns
launch_simulation: Time (s): cpu = 00:00:09 ; elapsed = 00:00:14 . Memory (MB): peak = 1604.031 ; gain = 40.320
close_sim
INFO: [Simtcl 6-16] Simulation closed
launch_simulation
Command: launch_simulation 
INFO: [Vivado 12-12493] Simulation top is 'tb_top_level'
WARNING: [Vivado 12-13340] Unable to auto find GCC executables from simulator install path! (path not set)
INFO: [Vivado 12-5682] Launching behavioral simulation in 'C:/Users/eduar/Documents/GitHub/school/ece524l-fpga-asic-design-lab/lab-1-clocks-and-counters-project/lab-1-clocks-and-counters-project-feranmi.sim/sim_1/behav/xsim'
INFO: [SIM-utils-51] Simulation object is 'sim_1'
INFO: [SIM-utils-72] Using boost library from 'C:/Xilinx/Vivado/2023.1/tps/boost_1_72_0'
INFO: [SIM-utils-54] Inspecting design source files for 'tb_top_level' in fileset 'sim_1'...
INFO: [USF-XSim-97] Finding global include files...
INFO: [USF-XSim-98] Fetching design files from 'sim_1'...
INFO: [USF-XSim-2] XSim::Compile design
INFO: [USF-XSim-61] Executing 'COMPILE and ANALYZE' step in 'C:/Users/eduar/Documents/GitHub/school/ece524l-fpga-asic-design-lab/lab-1-clocks-and-counters-project/lab-1-clocks-and-counters-project-feranmi.sim/sim_1/behav/xsim'
"xvlog --incr --relax -prj tb_top_level_vlog.prj"
ECHO is off.
ECHO is off.
INFO: [VRFC 10-2263] Analyzing Verilog file "C:/Users/eduar/Documents/GitHub/school/ece524l-fpga-asic-design-lab/lab-1-clocks-and-counters-project/lab-1-clocks-and-counters-project-feranmi.srcs/sources_1/imports/ece524-lab1-code-feranmi/BCD_Counter.v" into library xil_defaultlib
INFO: [VRFC 10-311] analyzing module BCD_Counter
INFO: [VRFC 10-2263] Analyzing Verilog file "C:/Users/eduar/Documents/GitHub/school/ece524l-fpga-asic-design-lab/lab-1-clocks-and-counters-project/lab-1-clocks-and-counters-project-feranmi.srcs/sources_1/imports/ece524-lab1-code-feranmi/bit_counter.v" into library xil_defaultlib
INFO: [VRFC 10-311] analyzing module bit_counter
INFO: [VRFC 10-2263] Analyzing Verilog file "C:/Users/eduar/Documents/GitHub/school/ece524l-fpga-asic-design-lab/lab-1-clocks-and-counters-project/lab-1-clocks-and-counters-project-feranmi.srcs/sources_1/imports/ece524-lab1-code-feranmi/clock_divider.v" into library xil_defaultlib
INFO: [VRFC 10-311] analyzing module clock_divider
INFO: [VRFC 10-2263] Analyzing Verilog file "C:/Users/eduar/Documents/GitHub/school/ece524l-fpga-asic-design-lab/lab-1-clocks-and-counters-project/lab-1-clocks-and-counters-project-feranmi.srcs/sources_1/imports/ece524-lab1-code-feranmi/even_counter.v" into library xil_defaultlib
INFO: [VRFC 10-311] analyzing module even_counter
INFO: [VRFC 10-2263] Analyzing Verilog file "C:/Users/eduar/Documents/GitHub/school/ece524l-fpga-asic-design-lab/lab-1-clocks-and-counters-project/lab-1-clocks-and-counters-project-feranmi.srcs/sources_1/imports/ece524-lab1-code-feranmi/fibonacci_counter.v" into library xil_defaultlib
INFO: [VRFC 10-311] analyzing module fibonacci_counter
INFO: [VRFC 10-2263] Analyzing Verilog file "C:/Users/eduar/Documents/GitHub/school/ece524l-fpga-asic-design-lab/lab-1-clocks-and-counters-project/lab-1-clocks-and-counters-project-feranmi.srcs/sources_1/imports/ece524-lab1-code-feranmi/greycode_counter.v" into library xil_defaultlib
INFO: [VRFC 10-311] analyzing module gray_counter
INFO: [VRFC 10-2263] Analyzing Verilog file "C:/Users/eduar/Documents/GitHub/school/ece524l-fpga-asic-design-lab/lab-1-clocks-and-counters-project/lab-1-clocks-and-counters-project-feranmi.srcs/sources_1/imports/ece524-lab1-code-feranmi/johnson_counter.v" into library xil_defaultlib
INFO: [VRFC 10-311] analyzing module johnson_counter
INFO: [VRFC 10-2263] Analyzing Verilog file "C:/Users/eduar/Documents/GitHub/school/ece524l-fpga-asic-design-lab/lab-1-clocks-and-counters-project/lab-1-clocks-and-counters-project-feranmi.srcs/sources_1/imports/ece524-lab1-code-feranmi/odd_counter.v" into library xil_defaultlib
INFO: [VRFC 10-311] analyzing module odd_counter
INFO: [VRFC 10-2263] Analyzing Verilog file "C:/Users/eduar/Documents/GitHub/school/ece524l-fpga-asic-design-lab/lab-1-clocks-and-counters-project/lab-1-clocks-and-counters-project-feranmi.srcs/sources_1/imports/ece524-lab1-code-feranmi/ring_counter.v" into library xil_defaultlib
INFO: [VRFC 10-311] analyzing module ring_counter
INFO: [VRFC 10-2263] Analyzing Verilog file "C:/Users/eduar/Documents/GitHub/school/ece524l-fpga-asic-design-lab/lab-1-clocks-and-counters-project/lab-1-clocks-and-counters-project-feranmi.srcs/sources_1/imports/ece524-lab1-code-feranmi/top_level.v" into library xil_defaultlib
INFO: [VRFC 10-311] analyzing module top_level_counter_mux
INFO: [VRFC 10-2263] Analyzing Verilog file "C:/Users/eduar/Documents/GitHub/school/ece524l-fpga-asic-design-lab/lab-1-clocks-and-counters-project/lab-1-clocks-and-counters-project-feranmi.srcs/sim_1/new/tb_top_level.v" into library xil_defaultlib
INFO: [VRFC 10-311] analyzing module tb_top_level
INFO: [USF-XSim-69] 'compile' step finished in '2' seconds
INFO: [USF-XSim-3] XSim::Elaborate design
INFO: [USF-XSim-61] Executing 'ELABORATE' step in 'C:/Users/eduar/Documents/GitHub/school/ece524l-fpga-asic-design-lab/lab-1-clocks-and-counters-project/lab-1-clocks-and-counters-project-feranmi.sim/sim_1/behav/xsim'
"xelab --incr --debug typical --relax --mt 2 -L xil_defaultlib -L unisims_ver -L unimacro_ver -L secureip --snapshot tb_top_level_behav xil_defaultlib.tb_top_level xil_defaultlib.glbl -log elaborate.log"
ECHO is off.
ECHO is off.
Vivado Simulator v2023.1
Copyright 1986-2022 Xilinx, Inc. All Rights Reserved.
Copyright 2022-2023 Advanced Micro Devices, Inc. All Rights Reserved.
Running: C:/Xilinx/Vivado/2023.1/bin/unwrapped/win64.o/xelab.exe --incr --debug typical --relax --mt 2 -L xil_defaultlib -L unisims_ver -L unimacro_ver -L secureip --snapshot tb_top_level_behav xil_defaultlib.tb_top_level xil_defaultlib.glbl -log elaborate.log 
Using 2 slave threads.
Starting static elaboration
Pass Through NonSizing Optimizer
Completed static elaboration
Starting simulation data flow analysis
WARNING: [XSIM 43-4099] "C:/Users/eduar/Documents/GitHub/school/ece524l-fpga-asic-design-lab/lab-1-clocks-and-counters-project/lab-1-clocks-and-counters-project-feranmi.srcs/sources_1/imports/ece524-lab1-code-feranmi/top_level.v" Line 1. Module top_level_counter_mux doesn't have a timescale but at least one module in design has a timescale.
WARNING: [XSIM 43-4099] "C:/Users/eduar/Documents/GitHub/school/ece524l-fpga-asic-design-lab/lab-1-clocks-and-counters-project/lab-1-clocks-and-counters-project-feranmi.srcs/sources_1/imports/ece524-lab1-code-feranmi/clock_divider.v" Line 1. Module clock_divider doesn't have a timescale but at least one module in design has a timescale.
WARNING: [XSIM 43-4099] "C:/Users/eduar/Documents/GitHub/school/ece524l-fpga-asic-design-lab/lab-1-clocks-and-counters-project/lab-1-clocks-and-counters-project-feranmi.srcs/sources_1/imports/ece524-lab1-code-feranmi/bit_counter.v" Line 1. Module bit_counter doesn't have a timescale but at least one module in design has a timescale.
WARNING: [XSIM 43-4099] "C:/Users/eduar/Documents/GitHub/school/ece524l-fpga-asic-design-lab/lab-1-clocks-and-counters-project/lab-1-clocks-and-counters-project-feranmi.srcs/sources_1/imports/ece524-lab1-code-feranmi/even_counter.v" Line 1. Module even_counter doesn't have a timescale but at least one module in design has a timescale.
WARNING: [XSIM 43-4099] "C:/Users/eduar/Documents/GitHub/school/ece524l-fpga-asic-design-lab/lab-1-clocks-and-counters-project/lab-1-clocks-and-counters-project-feranmi.srcs/sources_1/imports/ece524-lab1-code-feranmi/fibonacci_counter.v" Line 1. Module fibonacci_counter doesn't have a timescale but at least one module in design has a timescale.
WARNING: [XSIM 43-4099] "C:/Users/eduar/Documents/GitHub/school/ece524l-fpga-asic-design-lab/lab-1-clocks-and-counters-project/lab-1-clocks-and-counters-project-feranmi.srcs/sources_1/imports/ece524-lab1-code-feranmi/greycode_counter.v" Line 1. Module gray_counter doesn't have a timescale but at least one module in design has a timescale.
WARNING: [XSIM 43-4099] "C:/Users/eduar/Documents/GitHub/school/ece524l-fpga-asic-design-lab/lab-1-clocks-and-counters-project/lab-1-clocks-and-counters-project-feranmi.srcs/sources_1/imports/ece524-lab1-code-feranmi/johnson_counter.v" Line 1. Module johnson_counter doesn't have a timescale but at least one module in design has a timescale.
WARNING: [XSIM 43-4099] "C:/Users/eduar/Documents/GitHub/school/ece524l-fpga-asic-design-lab/lab-1-clocks-and-counters-project/lab-1-clocks-and-counters-project-feranmi.srcs/sources_1/imports/ece524-lab1-code-feranmi/odd_counter.v" Line 1. Module odd_counter doesn't have a timescale but at least one module in design has a timescale.
WARNING: [XSIM 43-4099] "C:/Users/eduar/Documents/GitHub/school/ece524l-fpga-asic-design-lab/lab-1-clocks-and-counters-project/lab-1-clocks-and-counters-project-feranmi.srcs/sources_1/imports/ece524-lab1-code-feranmi/ring_counter.v" Line 1. Module ring_counter doesn't have a timescale but at least one module in design has a timescale.
WARNING: [XSIM 43-4099] "C:/Users/eduar/Documents/GitHub/school/ece524l-fpga-asic-design-lab/lab-1-clocks-and-counters-project/lab-1-clocks-and-counters-project-feranmi.srcs/sources_1/imports/ece524-lab1-code-feranmi/BCD_Counter.v" Line 1. Module BCD_Counter doesn't have a timescale but at least one module in design has a timescale.
WARNING: [XSIM 43-4099] "C:/Users/eduar/Documents/GitHub/school/ece524l-fpga-asic-design-lab/lab-1-clocks-and-counters-project/lab-1-clocks-and-counters-project-feranmi.srcs/sources_1/imports/ece524-lab1-code-feranmi/top_level.v" Line 1. Module top_level_counter_mux doesn't have a timescale but at least one module in design has a timescale.
WARNING: [XSIM 43-4099] "C:/Users/eduar/Documents/GitHub/school/ece524l-fpga-asic-design-lab/lab-1-clocks-and-counters-project/lab-1-clocks-and-counters-project-feranmi.srcs/sources_1/imports/ece524-lab1-code-feranmi/clock_divider.v" Line 1. Module clock_divider doesn't have a timescale but at least one module in design has a timescale.
WARNING: [XSIM 43-4099] "C:/Users/eduar/Documents/GitHub/school/ece524l-fpga-asic-design-lab/lab-1-clocks-and-counters-project/lab-1-clocks-and-counters-project-feranmi.srcs/sources_1/imports/ece524-lab1-code-feranmi/bit_counter.v" Line 1. Module bit_counter doesn't have a timescale but at least one module in design has a timescale.
WARNING: [XSIM 43-4099] "C:/Users/eduar/Documents/GitHub/school/ece524l-fpga-asic-design-lab/lab-1-clocks-and-counters-project/lab-1-clocks-and-counters-project-feranmi.srcs/sources_1/imports/ece524-lab1-code-feranmi/even_counter.v" Line 1. Module even_counter doesn't have a timescale but at least one module in design has a timescale.
WARNING: [XSIM 43-4099] "C:/Users/eduar/Documents/GitHub/school/ece524l-fpga-asic-design-lab/lab-1-clocks-and-counters-project/lab-1-clocks-and-counters-project-feranmi.srcs/sources_1/imports/ece524-lab1-code-feranmi/fibonacci_counter.v" Line 1. Module fibonacci_counter doesn't have a timescale but at least one module in design has a timescale.
WARNING: [XSIM 43-4099] "C:/Users/eduar/Documents/GitHub/school/ece524l-fpga-asic-design-lab/lab-1-clocks-and-counters-project/lab-1-clocks-and-counters-project-feranmi.srcs/sources_1/imports/ece524-lab1-code-feranmi/greycode_counter.v" Line 1. Module gray_counter doesn't have a timescale but at least one module in design has a timescale.
WARNING: [XSIM 43-4099] "C:/Users/eduar/Documents/GitHub/school/ece524l-fpga-asic-design-lab/lab-1-clocks-and-counters-project/lab-1-clocks-and-counters-project-feranmi.srcs/sources_1/imports/ece524-lab1-code-feranmi/johnson_counter.v" Line 1. Module johnson_counter doesn't have a timescale but at least one module in design has a timescale.
WARNING: [XSIM 43-4099] "C:/Users/eduar/Documents/GitHub/school/ece524l-fpga-asic-design-lab/lab-1-clocks-and-counters-project/lab-1-clocks-and-counters-project-feranmi.srcs/sources_1/imports/ece524-lab1-code-feranmi/odd_counter.v" Line 1. Module odd_counter doesn't have a timescale but at least one module in design has a timescale.
WARNING: [XSIM 43-4099] "C:/Users/eduar/Documents/GitHub/school/ece524l-fpga-asic-design-lab/lab-1-clocks-and-counters-project/lab-1-clocks-and-counters-project-feranmi.srcs/sources_1/imports/ece524-lab1-code-feranmi/ring_counter.v" Line 1. Module ring_counter doesn't have a timescale but at least one module in design has a timescale.
WARNING: [XSIM 43-4099] "C:/Users/eduar/Documents/GitHub/school/ece524l-fpga-asic-design-lab/lab-1-clocks-and-counters-project/lab-1-clocks-and-counters-project-feranmi.srcs/sources_1/imports/ece524-lab1-code-feranmi/BCD_Counter.v" Line 1. Module BCD_Counter doesn't have a timescale but at least one module in design has a timescale.
Completed simulation data flow analysis
Time Resolution for simulation is 1ps
Compiling module xil_defaultlib.clock_divider
Compiling module xil_defaultlib.bit_counter
Compiling module xil_defaultlib.even_counter
Compiling module xil_defaultlib.fibonacci_counter
Compiling module xil_defaultlib.gray_counter
Compiling module xil_defaultlib.johnson_counter
Compiling module xil_defaultlib.odd_counter
Compiling module xil_defaultlib.ring_counter
Compiling module xil_defaultlib.BCD_Counter
Compiling module xil_defaultlib.top_level_counter_mux
Compiling module xil_defaultlib.tb_top_level
Compiling module xil_defaultlib.glbl
Built simulation snapshot tb_top_level_behav
INFO: [USF-XSim-69] 'elaborate' step finished in '4' seconds
INFO: [USF-XSim-4] XSim::Simulate design
INFO: [USF-XSim-61] Executing 'SIMULATE' step in 'C:/Users/eduar/Documents/GitHub/school/ece524l-fpga-asic-design-lab/lab-1-clocks-and-counters-project/lab-1-clocks-and-counters-project-feranmi.sim/sim_1/behav/xsim'
INFO: [USF-XSim-98] *** Running xsim
   with args "tb_top_level_behav -key {Behavioral:sim_1:Functional:tb_top_level} -tclbatch {tb_top_level.tcl} -log {simulate.log}"
INFO: [USF-XSim-8] Loading simulator feature
Time resolution is 1 ps
source tb_top_level.tcl
# set curr_wave [current_wave_config]
# if { [string length $curr_wave] == 0 } {
#   if { [llength [get_objects]] > 0} {
#     add_wave /
#     set_property needs_save false [current_wave_config]
#   } else {
#      send_msg_id Add_Wave-1 WARNING "No top level signals found. Simulator will start without a wave window. If you want to open a wave window go to 'File->New Waveform Configuration' or type 'create_wave_config' in the TCL console."
#   }
# }
# run 1000ns
INFO: [USF-XSim-96] XSim completed. Design snapshot 'tb_top_level_behav' loaded.
INFO: [USF-XSim-97] XSim simulation ran for 1000ns
launch_simulation: Time (s): cpu = 00:00:05 ; elapsed = 00:00:09 . Memory (MB): peak = 2657.078 ; gain = 0.000
close_sim
INFO: [Simtcl 6-16] Simulation closed
launch_simulation
Command: launch_simulation 
INFO: [Vivado 12-12493] Simulation top is 'tb_top_level'
WARNING: [Vivado 12-13340] Unable to auto find GCC executables from simulator install path! (path not set)
INFO: [Vivado 12-5682] Launching behavioral simulation in 'C:/Users/eduar/Documents/GitHub/school/ece524l-fpga-asic-design-lab/lab-1-clocks-and-counters-project/lab-1-clocks-and-counters-project-feranmi.sim/sim_1/behav/xsim'
INFO: [SIM-utils-51] Simulation object is 'sim_1'
INFO: [SIM-utils-72] Using boost library from 'C:/Xilinx/Vivado/2023.1/tps/boost_1_72_0'
INFO: [SIM-utils-54] Inspecting design source files for 'tb_top_level' in fileset 'sim_1'...
INFO: [USF-XSim-97] Finding global include files...
INFO: [USF-XSim-98] Fetching design files from 'sim_1'...
INFO: [USF-XSim-2] XSim::Compile design
INFO: [USF-XSim-61] Executing 'COMPILE and ANALYZE' step in 'C:/Users/eduar/Documents/GitHub/school/ece524l-fpga-asic-design-lab/lab-1-clocks-and-counters-project/lab-1-clocks-and-counters-project-feranmi.sim/sim_1/behav/xsim'
"xvlog --incr --relax -prj tb_top_level_vlog.prj"
ECHO is off.
ECHO is off.
INFO: [VRFC 10-2263] Analyzing Verilog file "C:/Users/eduar/Documents/GitHub/school/ece524l-fpga-asic-design-lab/lab-1-clocks-and-counters-project/lab-1-clocks-and-counters-project-feranmi.srcs/sources_1/imports/ece524-lab1-code-feranmi/BCD_Counter.v" into library xil_defaultlib
INFO: [VRFC 10-311] analyzing module BCD_Counter
INFO: [VRFC 10-2263] Analyzing Verilog file "C:/Users/eduar/Documents/GitHub/school/ece524l-fpga-asic-design-lab/lab-1-clocks-and-counters-project/lab-1-clocks-and-counters-project-feranmi.srcs/sources_1/imports/ece524-lab1-code-feranmi/bit_counter.v" into library xil_defaultlib
INFO: [VRFC 10-311] analyzing module bit_counter
INFO: [VRFC 10-2263] Analyzing Verilog file "C:/Users/eduar/Documents/GitHub/school/ece524l-fpga-asic-design-lab/lab-1-clocks-and-counters-project/lab-1-clocks-and-counters-project-feranmi.srcs/sources_1/imports/ece524-lab1-code-feranmi/clock_divider.v" into library xil_defaultlib
INFO: [VRFC 10-311] analyzing module clock_divider
INFO: [VRFC 10-2263] Analyzing Verilog file "C:/Users/eduar/Documents/GitHub/school/ece524l-fpga-asic-design-lab/lab-1-clocks-and-counters-project/lab-1-clocks-and-counters-project-feranmi.srcs/sources_1/imports/ece524-lab1-code-feranmi/even_counter.v" into library xil_defaultlib
INFO: [VRFC 10-311] analyzing module even_counter
INFO: [VRFC 10-2263] Analyzing Verilog file "C:/Users/eduar/Documents/GitHub/school/ece524l-fpga-asic-design-lab/lab-1-clocks-and-counters-project/lab-1-clocks-and-counters-project-feranmi.srcs/sources_1/imports/ece524-lab1-code-feranmi/fibonacci_counter.v" into library xil_defaultlib
INFO: [VRFC 10-311] analyzing module fibonacci_counter
INFO: [VRFC 10-2263] Analyzing Verilog file "C:/Users/eduar/Documents/GitHub/school/ece524l-fpga-asic-design-lab/lab-1-clocks-and-counters-project/lab-1-clocks-and-counters-project-feranmi.srcs/sources_1/imports/ece524-lab1-code-feranmi/greycode_counter.v" into library xil_defaultlib
INFO: [VRFC 10-311] analyzing module gray_counter
INFO: [VRFC 10-2263] Analyzing Verilog file "C:/Users/eduar/Documents/GitHub/school/ece524l-fpga-asic-design-lab/lab-1-clocks-and-counters-project/lab-1-clocks-and-counters-project-feranmi.srcs/sources_1/imports/ece524-lab1-code-feranmi/johnson_counter.v" into library xil_defaultlib
INFO: [VRFC 10-311] analyzing module johnson_counter
INFO: [VRFC 10-2263] Analyzing Verilog file "C:/Users/eduar/Documents/GitHub/school/ece524l-fpga-asic-design-lab/lab-1-clocks-and-counters-project/lab-1-clocks-and-counters-project-feranmi.srcs/sources_1/imports/ece524-lab1-code-feranmi/odd_counter.v" into library xil_defaultlib
INFO: [VRFC 10-311] analyzing module odd_counter
INFO: [VRFC 10-2263] Analyzing Verilog file "C:/Users/eduar/Documents/GitHub/school/ece524l-fpga-asic-design-lab/lab-1-clocks-and-counters-project/lab-1-clocks-and-counters-project-feranmi.srcs/sources_1/imports/ece524-lab1-code-feranmi/ring_counter.v" into library xil_defaultlib
INFO: [VRFC 10-311] analyzing module ring_counter
INFO: [VRFC 10-2263] Analyzing Verilog file "C:/Users/eduar/Documents/GitHub/school/ece524l-fpga-asic-design-lab/lab-1-clocks-and-counters-project/lab-1-clocks-and-counters-project-feranmi.srcs/sources_1/imports/ece524-lab1-code-feranmi/top_level.v" into library xil_defaultlib
INFO: [VRFC 10-311] analyzing module top_level_counter_mux
INFO: [VRFC 10-2263] Analyzing Verilog file "C:/Users/eduar/Documents/GitHub/school/ece524l-fpga-asic-design-lab/lab-1-clocks-and-counters-project/lab-1-clocks-and-counters-project-feranmi.srcs/sim_1/new/tb_top_level.v" into library xil_defaultlib
INFO: [VRFC 10-311] analyzing module tb_top_level
INFO: [USF-XSim-69] 'compile' step finished in '2' seconds
INFO: [USF-XSim-3] XSim::Elaborate design
INFO: [USF-XSim-61] Executing 'ELABORATE' step in 'C:/Users/eduar/Documents/GitHub/school/ece524l-fpga-asic-design-lab/lab-1-clocks-and-counters-project/lab-1-clocks-and-counters-project-feranmi.sim/sim_1/behav/xsim'
"xelab --incr --debug typical --relax --mt 2 -L xil_defaultlib -L unisims_ver -L unimacro_ver -L secureip --snapshot tb_top_level_behav xil_defaultlib.tb_top_level xil_defaultlib.glbl -log elaborate.log"
ECHO is off.
ECHO is off.
Vivado Simulator v2023.1
Copyright 1986-2022 Xilinx, Inc. All Rights Reserved.
Copyright 2022-2023 Advanced Micro Devices, Inc. All Rights Reserved.
Running: C:/Xilinx/Vivado/2023.1/bin/unwrapped/win64.o/xelab.exe --incr --debug typical --relax --mt 2 -L xil_defaultlib -L unisims_ver -L unimacro_ver -L secureip --snapshot tb_top_level_behav xil_defaultlib.tb_top_level xil_defaultlib.glbl -log elaborate.log 
Using 2 slave threads.
Starting static elaboration
Pass Through NonSizing Optimizer
Completed static elaboration
Starting simulation data flow analysis
WARNING: [XSIM 43-4099] "C:/Users/eduar/Documents/GitHub/school/ece524l-fpga-asic-design-lab/lab-1-clocks-and-counters-project/lab-1-clocks-and-counters-project-feranmi.srcs/sources_1/imports/ece524-lab1-code-feranmi/top_level.v" Line 1. Module top_level_counter_mux doesn't have a timescale but at least one module in design has a timescale.
WARNING: [XSIM 43-4099] "C:/Users/eduar/Documents/GitHub/school/ece524l-fpga-asic-design-lab/lab-1-clocks-and-counters-project/lab-1-clocks-and-counters-project-feranmi.srcs/sources_1/imports/ece524-lab1-code-feranmi/clock_divider.v" Line 1. Module clock_divider doesn't have a timescale but at least one module in design has a timescale.
WARNING: [XSIM 43-4099] "C:/Users/eduar/Documents/GitHub/school/ece524l-fpga-asic-design-lab/lab-1-clocks-and-counters-project/lab-1-clocks-and-counters-project-feranmi.srcs/sources_1/imports/ece524-lab1-code-feranmi/bit_counter.v" Line 1. Module bit_counter doesn't have a timescale but at least one module in design has a timescale.
WARNING: [XSIM 43-4099] "C:/Users/eduar/Documents/GitHub/school/ece524l-fpga-asic-design-lab/lab-1-clocks-and-counters-project/lab-1-clocks-and-counters-project-feranmi.srcs/sources_1/imports/ece524-lab1-code-feranmi/even_counter.v" Line 1. Module even_counter doesn't have a timescale but at least one module in design has a timescale.
WARNING: [XSIM 43-4099] "C:/Users/eduar/Documents/GitHub/school/ece524l-fpga-asic-design-lab/lab-1-clocks-and-counters-project/lab-1-clocks-and-counters-project-feranmi.srcs/sources_1/imports/ece524-lab1-code-feranmi/fibonacci_counter.v" Line 1. Module fibonacci_counter doesn't have a timescale but at least one module in design has a timescale.
WARNING: [XSIM 43-4099] "C:/Users/eduar/Documents/GitHub/school/ece524l-fpga-asic-design-lab/lab-1-clocks-and-counters-project/lab-1-clocks-and-counters-project-feranmi.srcs/sources_1/imports/ece524-lab1-code-feranmi/greycode_counter.v" Line 1. Module gray_counter doesn't have a timescale but at least one module in design has a timescale.
WARNING: [XSIM 43-4099] "C:/Users/eduar/Documents/GitHub/school/ece524l-fpga-asic-design-lab/lab-1-clocks-and-counters-project/lab-1-clocks-and-counters-project-feranmi.srcs/sources_1/imports/ece524-lab1-code-feranmi/johnson_counter.v" Line 1. Module johnson_counter doesn't have a timescale but at least one module in design has a timescale.
WARNING: [XSIM 43-4099] "C:/Users/eduar/Documents/GitHub/school/ece524l-fpga-asic-design-lab/lab-1-clocks-and-counters-project/lab-1-clocks-and-counters-project-feranmi.srcs/sources_1/imports/ece524-lab1-code-feranmi/odd_counter.v" Line 1. Module odd_counter doesn't have a timescale but at least one module in design has a timescale.
WARNING: [XSIM 43-4099] "C:/Users/eduar/Documents/GitHub/school/ece524l-fpga-asic-design-lab/lab-1-clocks-and-counters-project/lab-1-clocks-and-counters-project-feranmi.srcs/sources_1/imports/ece524-lab1-code-feranmi/ring_counter.v" Line 1. Module ring_counter doesn't have a timescale but at least one module in design has a timescale.
WARNING: [XSIM 43-4099] "C:/Users/eduar/Documents/GitHub/school/ece524l-fpga-asic-design-lab/lab-1-clocks-and-counters-project/lab-1-clocks-and-counters-project-feranmi.srcs/sources_1/imports/ece524-lab1-code-feranmi/BCD_Counter.v" Line 1. Module BCD_Counter doesn't have a timescale but at least one module in design has a timescale.
WARNING: [XSIM 43-4099] "C:/Users/eduar/Documents/GitHub/school/ece524l-fpga-asic-design-lab/lab-1-clocks-and-counters-project/lab-1-clocks-and-counters-project-feranmi.srcs/sources_1/imports/ece524-lab1-code-feranmi/top_level.v" Line 1. Module top_level_counter_mux doesn't have a timescale but at least one module in design has a timescale.
WARNING: [XSIM 43-4099] "C:/Users/eduar/Documents/GitHub/school/ece524l-fpga-asic-design-lab/lab-1-clocks-and-counters-project/lab-1-clocks-and-counters-project-feranmi.srcs/sources_1/imports/ece524-lab1-code-feranmi/clock_divider.v" Line 1. Module clock_divider doesn't have a timescale but at least one module in design has a timescale.
WARNING: [XSIM 43-4099] "C:/Users/eduar/Documents/GitHub/school/ece524l-fpga-asic-design-lab/lab-1-clocks-and-counters-project/lab-1-clocks-and-counters-project-feranmi.srcs/sources_1/imports/ece524-lab1-code-feranmi/bit_counter.v" Line 1. Module bit_counter doesn't have a timescale but at least one module in design has a timescale.
WARNING: [XSIM 43-4099] "C:/Users/eduar/Documents/GitHub/school/ece524l-fpga-asic-design-lab/lab-1-clocks-and-counters-project/lab-1-clocks-and-counters-project-feranmi.srcs/sources_1/imports/ece524-lab1-code-feranmi/even_counter.v" Line 1. Module even_counter doesn't have a timescale but at least one module in design has a timescale.
WARNING: [XSIM 43-4099] "C:/Users/eduar/Documents/GitHub/school/ece524l-fpga-asic-design-lab/lab-1-clocks-and-counters-project/lab-1-clocks-and-counters-project-feranmi.srcs/sources_1/imports/ece524-lab1-code-feranmi/fibonacci_counter.v" Line 1. Module fibonacci_counter doesn't have a timescale but at least one module in design has a timescale.
WARNING: [XSIM 43-4099] "C:/Users/eduar/Documents/GitHub/school/ece524l-fpga-asic-design-lab/lab-1-clocks-and-counters-project/lab-1-clocks-and-counters-project-feranmi.srcs/sources_1/imports/ece524-lab1-code-feranmi/greycode_counter.v" Line 1. Module gray_counter doesn't have a timescale but at least one module in design has a timescale.
WARNING: [XSIM 43-4099] "C:/Users/eduar/Documents/GitHub/school/ece524l-fpga-asic-design-lab/lab-1-clocks-and-counters-project/lab-1-clocks-and-counters-project-feranmi.srcs/sources_1/imports/ece524-lab1-code-feranmi/johnson_counter.v" Line 1. Module johnson_counter doesn't have a timescale but at least one module in design has a timescale.
WARNING: [XSIM 43-4099] "C:/Users/eduar/Documents/GitHub/school/ece524l-fpga-asic-design-lab/lab-1-clocks-and-counters-project/lab-1-clocks-and-counters-project-feranmi.srcs/sources_1/imports/ece524-lab1-code-feranmi/odd_counter.v" Line 1. Module odd_counter doesn't have a timescale but at least one module in design has a timescale.
WARNING: [XSIM 43-4099] "C:/Users/eduar/Documents/GitHub/school/ece524l-fpga-asic-design-lab/lab-1-clocks-and-counters-project/lab-1-clocks-and-counters-project-feranmi.srcs/sources_1/imports/ece524-lab1-code-feranmi/ring_counter.v" Line 1. Module ring_counter doesn't have a timescale but at least one module in design has a timescale.
WARNING: [XSIM 43-4099] "C:/Users/eduar/Documents/GitHub/school/ece524l-fpga-asic-design-lab/lab-1-clocks-and-counters-project/lab-1-clocks-and-counters-project-feranmi.srcs/sources_1/imports/ece524-lab1-code-feranmi/BCD_Counter.v" Line 1. Module BCD_Counter doesn't have a timescale but at least one module in design has a timescale.
Completed simulation data flow analysis
Time Resolution for simulation is 1ps
Compiling module xil_defaultlib.clock_divider
Compiling module xil_defaultlib.bit_counter
Compiling module xil_defaultlib.even_counter
Compiling module xil_defaultlib.fibonacci_counter
Compiling module xil_defaultlib.gray_counter
Compiling module xil_defaultlib.johnson_counter
Compiling module xil_defaultlib.odd_counter
Compiling module xil_defaultlib.ring_counter
Compiling module xil_defaultlib.BCD_Counter
Compiling module xil_defaultlib.top_level_counter_mux
Compiling module xil_defaultlib.tb_top_level
Compiling module xil_defaultlib.glbl
Built simulation snapshot tb_top_level_behav
INFO: [USF-XSim-69] 'elaborate' step finished in '4' seconds
INFO: [USF-XSim-4] XSim::Simulate design
INFO: [USF-XSim-61] Executing 'SIMULATE' step in 'C:/Users/eduar/Documents/GitHub/school/ece524l-fpga-asic-design-lab/lab-1-clocks-and-counters-project/lab-1-clocks-and-counters-project-feranmi.sim/sim_1/behav/xsim'
INFO: [USF-XSim-98] *** Running xsim
   with args "tb_top_level_behav -key {Behavioral:sim_1:Functional:tb_top_level} -tclbatch {tb_top_level.tcl} -log {simulate.log}"
INFO: [USF-XSim-8] Loading simulator feature
Time resolution is 1 ps
source tb_top_level.tcl
# set curr_wave [current_wave_config]
# if { [string length $curr_wave] == 0 } {
#   if { [llength [get_objects]] > 0} {
#     add_wave /
#     set_property needs_save false [current_wave_config]
#   } else {
#      send_msg_id Add_Wave-1 WARNING "No top level signals found. Simulator will start without a wave window. If you want to open a wave window go to 'File->New Waveform Configuration' or type 'create_wave_config' in the TCL console."
#   }
# }
# run 1000ns
INFO: [USF-XSim-96] XSim completed. Design snapshot 'tb_top_level_behav' loaded.
INFO: [USF-XSim-97] XSim simulation ran for 1000ns
launch_simulation: Time (s): cpu = 00:00:03 ; elapsed = 00:00:09 . Memory (MB): peak = 2679.039 ; gain = 0.000
open_run impl_1
INFO: [Device 21-403] Loading part xc7z020clg484-1
Netlist sorting complete. Time (s): cpu = 00:00:00 ; elapsed = 00:00:00.001 . Memory (MB): peak = 2679.039 ; gain = 0.000
INFO: [Netlist 29-17] Analyzing 19 Unisim elements for replacement
INFO: [Netlist 29-28] Unisim Transformation completed in 0 CPU seconds
INFO: [Project 1-479] Netlist was created with Vivado 2023.1
INFO: [Project 1-570] Preparing netlist for logic optimization
INFO: [Timing 38-478] Restoring timing data from binary archive.
INFO: [Timing 38-479] Binary timing data restore complete.
INFO: [Project 1-856] Restoring constraints from binary archive.
INFO: [Project 1-853] Binary constraint restore complete.
Reading XDEF placement.
Reading placer database...
Reading XDEF routing.
Read XDEF Files: Time (s): cpu = 00:00:01 ; elapsed = 00:00:00.072 . Memory (MB): peak = 2681.988 ; gain = 0.000
Restored from archive | CPU: 1.000000 secs | Memory: 0.000000 MB |
Finished XDEF File Restore: Time (s): cpu = 00:00:01 ; elapsed = 00:00:00.073 . Memory (MB): peak = 2681.988 ; gain = 0.000
Netlist sorting complete. Time (s): cpu = 00:00:00 ; elapsed = 00:00:00 . Memory (MB): peak = 2681.988 ; gain = 0.000
INFO: [Project 1-111] Unisim Transformation Summary:
No Unisim elements were transformed.

open_run: Time (s): cpu = 00:00:24 ; elapsed = 00:00:20 . Memory (MB): peak = 2803.289 ; gain = 124.250
WARNING: [Timing 38-313] There are no user specified timing constraints. Timing constraints are needed for proper timing analysis.
set_property -name {xsim.simulate.runtime} -value {10000ns} -objects [get_filesets sim_1]
WARNING: [filemgmt 56-199] Attempt to get parsing info during refresh. "On-the-fly" syntax checking information may be incorrect. [C:\Users\eduar\Documents\GitHub\school\ece524l-fpga-asic-design-lab\lab-1-clocks-and-counters-project\lab-1-clocks-and-counters-project-feranmi.srcs\sim_1\new\tb_top_level.v:]
WARNING: [filemgmt 56-199] Attempt to get parsing info during refresh. "On-the-fly" syntax checking information may be incorrect. [C:\Users\eduar\Documents\GitHub\school\ece524l-fpga-asic-design-lab\lab-1-clocks-and-counters-project\lab-1-clocks-and-counters-project-feranmi.srcs\sources_1\imports\ece524-lab1-code-feranmi\top_level.v:]
ERROR: [Common 17-180] Spawn failed: No error
close_sim
INFO: [Simtcl 6-16] Simulation closed
launch_simulation
Command: launch_simulation 
INFO: [Vivado 12-12493] Simulation top is 'tb_top_level'
WARNING: [Vivado 12-13340] Unable to auto find GCC executables from simulator install path! (path not set)
INFO: [Vivado 12-5682] Launching behavioral simulation in 'C:/Users/eduar/Documents/GitHub/school/ece524l-fpga-asic-design-lab/lab-1-clocks-and-counters-project/lab-1-clocks-and-counters-project-feranmi.sim/sim_1/behav/xsim'
INFO: [SIM-utils-51] Simulation object is 'sim_1'
INFO: [SIM-utils-72] Using boost library from 'C:/Xilinx/Vivado/2023.1/tps/boost_1_72_0'
INFO: [SIM-utils-54] Inspecting design source files for 'tb_top_level' in fileset 'sim_1'...
INFO: [USF-XSim-97] Finding global include files...
INFO: [USF-XSim-98] Fetching design files from 'sim_1'...
INFO: [USF-XSim-2] XSim::Compile design
INFO: [USF-XSim-61] Executing 'COMPILE and ANALYZE' step in 'C:/Users/eduar/Documents/GitHub/school/ece524l-fpga-asic-design-lab/lab-1-clocks-and-counters-project/lab-1-clocks-and-counters-project-feranmi.sim/sim_1/behav/xsim'
"xvlog --incr --relax -prj tb_top_level_vlog.prj"
ECHO is off.
ECHO is off.
INFO: [VRFC 10-2263] Analyzing Verilog file "C:/Users/eduar/Documents/GitHub/school/ece524l-fpga-asic-design-lab/lab-1-clocks-and-counters-project/lab-1-clocks-and-counters-project-feranmi.srcs/sources_1/imports/ece524-lab1-code-feranmi/BCD_Counter.v" into library xil_defaultlib
INFO: [VRFC 10-311] analyzing module BCD_Counter
INFO: [VRFC 10-2263] Analyzing Verilog file "C:/Users/eduar/Documents/GitHub/school/ece524l-fpga-asic-design-lab/lab-1-clocks-and-counters-project/lab-1-clocks-and-counters-project-feranmi.srcs/sources_1/imports/ece524-lab1-code-feranmi/bit_counter.v" into library xil_defaultlib
INFO: [VRFC 10-311] analyzing module bit_counter
INFO: [VRFC 10-2263] Analyzing Verilog file "C:/Users/eduar/Documents/GitHub/school/ece524l-fpga-asic-design-lab/lab-1-clocks-and-counters-project/lab-1-clocks-and-counters-project-feranmi.srcs/sources_1/imports/ece524-lab1-code-feranmi/clock_divider.v" into library xil_defaultlib
INFO: [VRFC 10-311] analyzing module clock_divider
INFO: [VRFC 10-2263] Analyzing Verilog file "C:/Users/eduar/Documents/GitHub/school/ece524l-fpga-asic-design-lab/lab-1-clocks-and-counters-project/lab-1-clocks-and-counters-project-feranmi.srcs/sources_1/imports/ece524-lab1-code-feranmi/even_counter.v" into library xil_defaultlib
INFO: [VRFC 10-311] analyzing module even_counter
INFO: [VRFC 10-2263] Analyzing Verilog file "C:/Users/eduar/Documents/GitHub/school/ece524l-fpga-asic-design-lab/lab-1-clocks-and-counters-project/lab-1-clocks-and-counters-project-feranmi.srcs/sources_1/imports/ece524-lab1-code-feranmi/fibonacci_counter.v" into library xil_defaultlib
INFO: [VRFC 10-311] analyzing module fibonacci_counter
INFO: [VRFC 10-2263] Analyzing Verilog file "C:/Users/eduar/Documents/GitHub/school/ece524l-fpga-asic-design-lab/lab-1-clocks-and-counters-project/lab-1-clocks-and-counters-project-feranmi.srcs/sources_1/imports/ece524-lab1-code-feranmi/greycode_counter.v" into library xil_defaultlib
INFO: [VRFC 10-311] analyzing module gray_counter
INFO: [VRFC 10-2263] Analyzing Verilog file "C:/Users/eduar/Documents/GitHub/school/ece524l-fpga-asic-design-lab/lab-1-clocks-and-counters-project/lab-1-clocks-and-counters-project-feranmi.srcs/sources_1/imports/ece524-lab1-code-feranmi/johnson_counter.v" into library xil_defaultlib
INFO: [VRFC 10-311] analyzing module johnson_counter
INFO: [VRFC 10-2263] Analyzing Verilog file "C:/Users/eduar/Documents/GitHub/school/ece524l-fpga-asic-design-lab/lab-1-clocks-and-counters-project/lab-1-clocks-and-counters-project-feranmi.srcs/sources_1/imports/ece524-lab1-code-feranmi/odd_counter.v" into library xil_defaultlib
INFO: [VRFC 10-311] analyzing module odd_counter
INFO: [VRFC 10-2263] Analyzing Verilog file "C:/Users/eduar/Documents/GitHub/school/ece524l-fpga-asic-design-lab/lab-1-clocks-and-counters-project/lab-1-clocks-and-counters-project-feranmi.srcs/sources_1/imports/ece524-lab1-code-feranmi/ring_counter.v" into library xil_defaultlib
INFO: [VRFC 10-311] analyzing module ring_counter
INFO: [VRFC 10-2263] Analyzing Verilog file "C:/Users/eduar/Documents/GitHub/school/ece524l-fpga-asic-design-lab/lab-1-clocks-and-counters-project/lab-1-clocks-and-counters-project-feranmi.srcs/sources_1/imports/ece524-lab1-code-feranmi/top_level.v" into library xil_defaultlib
INFO: [VRFC 10-311] analyzing module top_level_counter_mux
INFO: [VRFC 10-2263] Analyzing Verilog file "C:/Users/eduar/Documents/GitHub/school/ece524l-fpga-asic-design-lab/lab-1-clocks-and-counters-project/lab-1-clocks-and-counters-project-feranmi.srcs/sim_1/new/tb_top_level.v" into library xil_defaultlib
INFO: [VRFC 10-311] analyzing module tb_top_level
INFO: [USF-XSim-69] 'compile' step finished in '2' seconds
INFO: [USF-XSim-3] XSim::Elaborate design
INFO: [USF-XSim-61] Executing 'ELABORATE' step in 'C:/Users/eduar/Documents/GitHub/school/ece524l-fpga-asic-design-lab/lab-1-clocks-and-counters-project/lab-1-clocks-and-counters-project-feranmi.sim/sim_1/behav/xsim'
"xelab --incr --debug typical --relax --mt 2 -L xil_defaultlib -L unisims_ver -L unimacro_ver -L secureip --snapshot tb_top_level_behav xil_defaultlib.tb_top_level xil_defaultlib.glbl -log elaborate.log"
ECHO is off.
ECHO is off.
Vivado Simulator v2023.1
Copyright 1986-2022 Xilinx, Inc. All Rights Reserved.
Copyright 2022-2023 Advanced Micro Devices, Inc. All Rights Reserved.
Running: C:/Xilinx/Vivado/2023.1/bin/unwrapped/win64.o/xelab.exe --incr --debug typical --relax --mt 2 -L xil_defaultlib -L unisims_ver -L unimacro_ver -L secureip --snapshot tb_top_level_behav xil_defaultlib.tb_top_level xil_defaultlib.glbl -log elaborate.log 
Using 2 slave threads.
Starting static elaboration
Pass Through NonSizing Optimizer
Completed static elaboration
Starting simulation data flow analysis
WARNING: [XSIM 43-4099] "C:/Users/eduar/Documents/GitHub/school/ece524l-fpga-asic-design-lab/lab-1-clocks-and-counters-project/lab-1-clocks-and-counters-project-feranmi.srcs/sources_1/imports/ece524-lab1-code-feranmi/top_level.v" Line 1. Module top_level_counter_mux doesn't have a timescale but at least one module in design has a timescale.
WARNING: [XSIM 43-4099] "C:/Users/eduar/Documents/GitHub/school/ece524l-fpga-asic-design-lab/lab-1-clocks-and-counters-project/lab-1-clocks-and-counters-project-feranmi.srcs/sources_1/imports/ece524-lab1-code-feranmi/clock_divider.v" Line 1. Module clock_divider doesn't have a timescale but at least one module in design has a timescale.
WARNING: [XSIM 43-4099] "C:/Users/eduar/Documents/GitHub/school/ece524l-fpga-asic-design-lab/lab-1-clocks-and-counters-project/lab-1-clocks-and-counters-project-feranmi.srcs/sources_1/imports/ece524-lab1-code-feranmi/bit_counter.v" Line 1. Module bit_counter doesn't have a timescale but at least one module in design has a timescale.
WARNING: [XSIM 43-4099] "C:/Users/eduar/Documents/GitHub/school/ece524l-fpga-asic-design-lab/lab-1-clocks-and-counters-project/lab-1-clocks-and-counters-project-feranmi.srcs/sources_1/imports/ece524-lab1-code-feranmi/even_counter.v" Line 1. Module even_counter doesn't have a timescale but at least one module in design has a timescale.
WARNING: [XSIM 43-4099] "C:/Users/eduar/Documents/GitHub/school/ece524l-fpga-asic-design-lab/lab-1-clocks-and-counters-project/lab-1-clocks-and-counters-project-feranmi.srcs/sources_1/imports/ece524-lab1-code-feranmi/fibonacci_counter.v" Line 1. Module fibonacci_counter doesn't have a timescale but at least one module in design has a timescale.
WARNING: [XSIM 43-4099] "C:/Users/eduar/Documents/GitHub/school/ece524l-fpga-asic-design-lab/lab-1-clocks-and-counters-project/lab-1-clocks-and-counters-project-feranmi.srcs/sources_1/imports/ece524-lab1-code-feranmi/greycode_counter.v" Line 1. Module gray_counter doesn't have a timescale but at least one module in design has a timescale.
WARNING: [XSIM 43-4099] "C:/Users/eduar/Documents/GitHub/school/ece524l-fpga-asic-design-lab/lab-1-clocks-and-counters-project/lab-1-clocks-and-counters-project-feranmi.srcs/sources_1/imports/ece524-lab1-code-feranmi/johnson_counter.v" Line 1. Module johnson_counter doesn't have a timescale but at least one module in design has a timescale.
WARNING: [XSIM 43-4099] "C:/Users/eduar/Documents/GitHub/school/ece524l-fpga-asic-design-lab/lab-1-clocks-and-counters-project/lab-1-clocks-and-counters-project-feranmi.srcs/sources_1/imports/ece524-lab1-code-feranmi/odd_counter.v" Line 1. Module odd_counter doesn't have a timescale but at least one module in design has a timescale.
WARNING: [XSIM 43-4099] "C:/Users/eduar/Documents/GitHub/school/ece524l-fpga-asic-design-lab/lab-1-clocks-and-counters-project/lab-1-clocks-and-counters-project-feranmi.srcs/sources_1/imports/ece524-lab1-code-feranmi/ring_counter.v" Line 1. Module ring_counter doesn't have a timescale but at least one module in design has a timescale.
WARNING: [XSIM 43-4099] "C:/Users/eduar/Documents/GitHub/school/ece524l-fpga-asic-design-lab/lab-1-clocks-and-counters-project/lab-1-clocks-and-counters-project-feranmi.srcs/sources_1/imports/ece524-lab1-code-feranmi/BCD_Counter.v" Line 1. Module BCD_Counter doesn't have a timescale but at least one module in design has a timescale.
WARNING: [XSIM 43-4099] "C:/Users/eduar/Documents/GitHub/school/ece524l-fpga-asic-design-lab/lab-1-clocks-and-counters-project/lab-1-clocks-and-counters-project-feranmi.srcs/sources_1/imports/ece524-lab1-code-feranmi/top_level.v" Line 1. Module top_level_counter_mux doesn't have a timescale but at least one module in design has a timescale.
WARNING: [XSIM 43-4099] "C:/Users/eduar/Documents/GitHub/school/ece524l-fpga-asic-design-lab/lab-1-clocks-and-counters-project/lab-1-clocks-and-counters-project-feranmi.srcs/sources_1/imports/ece524-lab1-code-feranmi/clock_divider.v" Line 1. Module clock_divider doesn't have a timescale but at least one module in design has a timescale.
WARNING: [XSIM 43-4099] "C:/Users/eduar/Documents/GitHub/school/ece524l-fpga-asic-design-lab/lab-1-clocks-and-counters-project/lab-1-clocks-and-counters-project-feranmi.srcs/sources_1/imports/ece524-lab1-code-feranmi/bit_counter.v" Line 1. Module bit_counter doesn't have a timescale but at least one module in design has a timescale.
WARNING: [XSIM 43-4099] "C:/Users/eduar/Documents/GitHub/school/ece524l-fpga-asic-design-lab/lab-1-clocks-and-counters-project/lab-1-clocks-and-counters-project-feranmi.srcs/sources_1/imports/ece524-lab1-code-feranmi/even_counter.v" Line 1. Module even_counter doesn't have a timescale but at least one module in design has a timescale.
WARNING: [XSIM 43-4099] "C:/Users/eduar/Documents/GitHub/school/ece524l-fpga-asic-design-lab/lab-1-clocks-and-counters-project/lab-1-clocks-and-counters-project-feranmi.srcs/sources_1/imports/ece524-lab1-code-feranmi/fibonacci_counter.v" Line 1. Module fibonacci_counter doesn't have a timescale but at least one module in design has a timescale.
WARNING: [XSIM 43-4099] "C:/Users/eduar/Documents/GitHub/school/ece524l-fpga-asic-design-lab/lab-1-clocks-and-counters-project/lab-1-clocks-and-counters-project-feranmi.srcs/sources_1/imports/ece524-lab1-code-feranmi/greycode_counter.v" Line 1. Module gray_counter doesn't have a timescale but at least one module in design has a timescale.
WARNING: [XSIM 43-4099] "C:/Users/eduar/Documents/GitHub/school/ece524l-fpga-asic-design-lab/lab-1-clocks-and-counters-project/lab-1-clocks-and-counters-project-feranmi.srcs/sources_1/imports/ece524-lab1-code-feranmi/johnson_counter.v" Line 1. Module johnson_counter doesn't have a timescale but at least one module in design has a timescale.
WARNING: [XSIM 43-4099] "C:/Users/eduar/Documents/GitHub/school/ece524l-fpga-asic-design-lab/lab-1-clocks-and-counters-project/lab-1-clocks-and-counters-project-feranmi.srcs/sources_1/imports/ece524-lab1-code-feranmi/odd_counter.v" Line 1. Module odd_counter doesn't have a timescale but at least one module in design has a timescale.
WARNING: [XSIM 43-4099] "C:/Users/eduar/Documents/GitHub/school/ece524l-fpga-asic-design-lab/lab-1-clocks-and-counters-project/lab-1-clocks-and-counters-project-feranmi.srcs/sources_1/imports/ece524-lab1-code-feranmi/ring_counter.v" Line 1. Module ring_counter doesn't have a timescale but at least one module in design has a timescale.
WARNING: [XSIM 43-4099] "C:/Users/eduar/Documents/GitHub/school/ece524l-fpga-asic-design-lab/lab-1-clocks-and-counters-project/lab-1-clocks-and-counters-project-feranmi.srcs/sources_1/imports/ece524-lab1-code-feranmi/BCD_Counter.v" Line 1. Module BCD_Counter doesn't have a timescale but at least one module in design has a timescale.
Completed simulation data flow analysis
Time Resolution for simulation is 1ps
Compiling module xil_defaultlib.clock_divider
Compiling module xil_defaultlib.bit_counter
Compiling module xil_defaultlib.even_counter
Compiling module xil_defaultlib.fibonacci_counter
Compiling module xil_defaultlib.gray_counter
Compiling module xil_defaultlib.johnson_counter
Compiling module xil_defaultlib.odd_counter
Compiling module xil_defaultlib.ring_counter
Compiling module xil_defaultlib.BCD_Counter
Compiling module xil_defaultlib.top_level_counter_mux
Compiling module xil_defaultlib.tb_top_level
Compiling module xil_defaultlib.glbl
Built simulation snapshot tb_top_level_behav
INFO: [USF-XSim-69] 'elaborate' step finished in '4' seconds
INFO: [USF-XSim-4] XSim::Simulate design
INFO: [USF-XSim-61] Executing 'SIMULATE' step in 'C:/Users/eduar/Documents/GitHub/school/ece524l-fpga-asic-design-lab/lab-1-clocks-and-counters-project/lab-1-clocks-and-counters-project-feranmi.sim/sim_1/behav/xsim'
INFO: [USF-XSim-98] *** Running xsim
   with args "tb_top_level_behav -key {Behavioral:sim_1:Functional:tb_top_level} -tclbatch {tb_top_level.tcl} -log {simulate.log}"
INFO: [USF-XSim-8] Loading simulator feature
Time resolution is 1 ps
source tb_top_level.tcl
# set curr_wave [current_wave_config]
# if { [string length $curr_wave] == 0 } {
#   if { [llength [get_objects]] > 0} {
#     add_wave /
#     set_property needs_save false [current_wave_config]
#   } else {
#      send_msg_id Add_Wave-1 WARNING "No top level signals found. Simulator will start without a wave window. If you want to open a wave window go to 'File->New Waveform Configuration' or type 'create_wave_config' in the TCL console."
#   }
# }
# run 10000ns
INFO: [USF-XSim-96] XSim completed. Design snapshot 'tb_top_level_behav' loaded.
INFO: [USF-XSim-97] XSim simulation ran for 10000ns
launch_simulation: Time (s): cpu = 00:00:04 ; elapsed = 00:00:09 . Memory (MB): peak = 2831.281 ; gain = 0.000
close_sim
INFO: [Simtcl 6-16] Simulation closed
launch_simulation
Command: launch_simulation 
INFO: [Vivado 12-12493] Simulation top is 'tb_top_level'
WARNING: [Vivado 12-13340] Unable to auto find GCC executables from simulator install path! (path not set)
INFO: [Vivado 12-5682] Launching behavioral simulation in 'C:/Users/eduar/Documents/GitHub/school/ece524l-fpga-asic-design-lab/lab-1-clocks-and-counters-project/lab-1-clocks-and-counters-project-feranmi.sim/sim_1/behav/xsim'
INFO: [SIM-utils-51] Simulation object is 'sim_1'
INFO: [SIM-utils-72] Using boost library from 'C:/Xilinx/Vivado/2023.1/tps/boost_1_72_0'
INFO: [SIM-utils-54] Inspecting design source files for 'tb_top_level' in fileset 'sim_1'...
INFO: [USF-XSim-97] Finding global include files...
INFO: [USF-XSim-98] Fetching design files from 'sim_1'...
INFO: [USF-XSim-2] XSim::Compile design
INFO: [USF-XSim-61] Executing 'COMPILE and ANALYZE' step in 'C:/Users/eduar/Documents/GitHub/school/ece524l-fpga-asic-design-lab/lab-1-clocks-and-counters-project/lab-1-clocks-and-counters-project-feranmi.sim/sim_1/behav/xsim'
"xvlog --incr --relax -prj tb_top_level_vlog.prj"
ECHO is off.
ECHO is off.
INFO: [VRFC 10-2263] Analyzing Verilog file "C:/Users/eduar/Documents/GitHub/school/ece524l-fpga-asic-design-lab/lab-1-clocks-and-counters-project/lab-1-clocks-and-counters-project-feranmi.srcs/sources_1/imports/ece524-lab1-code-feranmi/BCD_Counter.v" into library xil_defaultlib
INFO: [VRFC 10-311] analyzing module BCD_Counter
INFO: [VRFC 10-2263] Analyzing Verilog file "C:/Users/eduar/Documents/GitHub/school/ece524l-fpga-asic-design-lab/lab-1-clocks-and-counters-project/lab-1-clocks-and-counters-project-feranmi.srcs/sources_1/imports/ece524-lab1-code-feranmi/bit_counter.v" into library xil_defaultlib
INFO: [VRFC 10-311] analyzing module bit_counter
INFO: [VRFC 10-2263] Analyzing Verilog file "C:/Users/eduar/Documents/GitHub/school/ece524l-fpga-asic-design-lab/lab-1-clocks-and-counters-project/lab-1-clocks-and-counters-project-feranmi.srcs/sources_1/imports/ece524-lab1-code-feranmi/clock_divider.v" into library xil_defaultlib
INFO: [VRFC 10-311] analyzing module clock_divider
INFO: [VRFC 10-2263] Analyzing Verilog file "C:/Users/eduar/Documents/GitHub/school/ece524l-fpga-asic-design-lab/lab-1-clocks-and-counters-project/lab-1-clocks-and-counters-project-feranmi.srcs/sources_1/imports/ece524-lab1-code-feranmi/even_counter.v" into library xil_defaultlib
INFO: [VRFC 10-311] analyzing module even_counter
INFO: [VRFC 10-2263] Analyzing Verilog file "C:/Users/eduar/Documents/GitHub/school/ece524l-fpga-asic-design-lab/lab-1-clocks-and-counters-project/lab-1-clocks-and-counters-project-feranmi.srcs/sources_1/imports/ece524-lab1-code-feranmi/fibonacci_counter.v" into library xil_defaultlib
INFO: [VRFC 10-311] analyzing module fibonacci_counter
INFO: [VRFC 10-2263] Analyzing Verilog file "C:/Users/eduar/Documents/GitHub/school/ece524l-fpga-asic-design-lab/lab-1-clocks-and-counters-project/lab-1-clocks-and-counters-project-feranmi.srcs/sources_1/imports/ece524-lab1-code-feranmi/greycode_counter.v" into library xil_defaultlib
INFO: [VRFC 10-311] analyzing module gray_counter
INFO: [VRFC 10-2263] Analyzing Verilog file "C:/Users/eduar/Documents/GitHub/school/ece524l-fpga-asic-design-lab/lab-1-clocks-and-counters-project/lab-1-clocks-and-counters-project-feranmi.srcs/sources_1/imports/ece524-lab1-code-feranmi/johnson_counter.v" into library xil_defaultlib
INFO: [VRFC 10-311] analyzing module johnson_counter
INFO: [VRFC 10-2263] Analyzing Verilog file "C:/Users/eduar/Documents/GitHub/school/ece524l-fpga-asic-design-lab/lab-1-clocks-and-counters-project/lab-1-clocks-and-counters-project-feranmi.srcs/sources_1/imports/ece524-lab1-code-feranmi/odd_counter.v" into library xil_defaultlib
INFO: [VRFC 10-311] analyzing module odd_counter
INFO: [VRFC 10-2263] Analyzing Verilog file "C:/Users/eduar/Documents/GitHub/school/ece524l-fpga-asic-design-lab/lab-1-clocks-and-counters-project/lab-1-clocks-and-counters-project-feranmi.srcs/sources_1/imports/ece524-lab1-code-feranmi/ring_counter.v" into library xil_defaultlib
INFO: [VRFC 10-311] analyzing module ring_counter
INFO: [VRFC 10-2263] Analyzing Verilog file "C:/Users/eduar/Documents/GitHub/school/ece524l-fpga-asic-design-lab/lab-1-clocks-and-counters-project/lab-1-clocks-and-counters-project-feranmi.srcs/sources_1/imports/ece524-lab1-code-feranmi/top_level.v" into library xil_defaultlib
INFO: [VRFC 10-311] analyzing module top_level_counter_mux
INFO: [VRFC 10-2263] Analyzing Verilog file "C:/Users/eduar/Documents/GitHub/school/ece524l-fpga-asic-design-lab/lab-1-clocks-and-counters-project/lab-1-clocks-and-counters-project-feranmi.srcs/sim_1/new/tb_top_level.v" into library xil_defaultlib
INFO: [VRFC 10-311] analyzing module tb_top_level
INFO: [USF-XSim-69] 'compile' step finished in '2' seconds
INFO: [USF-XSim-3] XSim::Elaborate design
INFO: [USF-XSim-61] Executing 'ELABORATE' step in 'C:/Users/eduar/Documents/GitHub/school/ece524l-fpga-asic-design-lab/lab-1-clocks-and-counters-project/lab-1-clocks-and-counters-project-feranmi.sim/sim_1/behav/xsim'
"xelab --incr --debug typical --relax --mt 2 -L xil_defaultlib -L unisims_ver -L unimacro_ver -L secureip --snapshot tb_top_level_behav xil_defaultlib.tb_top_level xil_defaultlib.glbl -log elaborate.log"
ECHO is off.
ECHO is off.
Vivado Simulator v2023.1
Copyright 1986-2022 Xilinx, Inc. All Rights Reserved.
Copyright 2022-2023 Advanced Micro Devices, Inc. All Rights Reserved.
Running: C:/Xilinx/Vivado/2023.1/bin/unwrapped/win64.o/xelab.exe --incr --debug typical --relax --mt 2 -L xil_defaultlib -L unisims_ver -L unimacro_ver -L secureip --snapshot tb_top_level_behav xil_defaultlib.tb_top_level xil_defaultlib.glbl -log elaborate.log 
Using 2 slave threads.
Starting static elaboration
Pass Through NonSizing Optimizer
Completed static elaboration
Starting simulation data flow analysis
WARNING: [XSIM 43-4099] "C:/Users/eduar/Documents/GitHub/school/ece524l-fpga-asic-design-lab/lab-1-clocks-and-counters-project/lab-1-clocks-and-counters-project-feranmi.srcs/sources_1/imports/ece524-lab1-code-feranmi/top_level.v" Line 1. Module top_level_counter_mux doesn't have a timescale but at least one module in design has a timescale.
WARNING: [XSIM 43-4099] "C:/Users/eduar/Documents/GitHub/school/ece524l-fpga-asic-design-lab/lab-1-clocks-and-counters-project/lab-1-clocks-and-counters-project-feranmi.srcs/sources_1/imports/ece524-lab1-code-feranmi/clock_divider.v" Line 1. Module clock_divider doesn't have a timescale but at least one module in design has a timescale.
WARNING: [XSIM 43-4099] "C:/Users/eduar/Documents/GitHub/school/ece524l-fpga-asic-design-lab/lab-1-clocks-and-counters-project/lab-1-clocks-and-counters-project-feranmi.srcs/sources_1/imports/ece524-lab1-code-feranmi/bit_counter.v" Line 1. Module bit_counter doesn't have a timescale but at least one module in design has a timescale.
WARNING: [XSIM 43-4099] "C:/Users/eduar/Documents/GitHub/school/ece524l-fpga-asic-design-lab/lab-1-clocks-and-counters-project/lab-1-clocks-and-counters-project-feranmi.srcs/sources_1/imports/ece524-lab1-code-feranmi/even_counter.v" Line 1. Module even_counter doesn't have a timescale but at least one module in design has a timescale.
WARNING: [XSIM 43-4099] "C:/Users/eduar/Documents/GitHub/school/ece524l-fpga-asic-design-lab/lab-1-clocks-and-counters-project/lab-1-clocks-and-counters-project-feranmi.srcs/sources_1/imports/ece524-lab1-code-feranmi/fibonacci_counter.v" Line 1. Module fibonacci_counter doesn't have a timescale but at least one module in design has a timescale.
WARNING: [XSIM 43-4099] "C:/Users/eduar/Documents/GitHub/school/ece524l-fpga-asic-design-lab/lab-1-clocks-and-counters-project/lab-1-clocks-and-counters-project-feranmi.srcs/sources_1/imports/ece524-lab1-code-feranmi/greycode_counter.v" Line 1. Module gray_counter doesn't have a timescale but at least one module in design has a timescale.
WARNING: [XSIM 43-4099] "C:/Users/eduar/Documents/GitHub/school/ece524l-fpga-asic-design-lab/lab-1-clocks-and-counters-project/lab-1-clocks-and-counters-project-feranmi.srcs/sources_1/imports/ece524-lab1-code-feranmi/johnson_counter.v" Line 1. Module johnson_counter doesn't have a timescale but at least one module in design has a timescale.
WARNING: [XSIM 43-4099] "C:/Users/eduar/Documents/GitHub/school/ece524l-fpga-asic-design-lab/lab-1-clocks-and-counters-project/lab-1-clocks-and-counters-project-feranmi.srcs/sources_1/imports/ece524-lab1-code-feranmi/odd_counter.v" Line 1. Module odd_counter doesn't have a timescale but at least one module in design has a timescale.
WARNING: [XSIM 43-4099] "C:/Users/eduar/Documents/GitHub/school/ece524l-fpga-asic-design-lab/lab-1-clocks-and-counters-project/lab-1-clocks-and-counters-project-feranmi.srcs/sources_1/imports/ece524-lab1-code-feranmi/ring_counter.v" Line 1. Module ring_counter doesn't have a timescale but at least one module in design has a timescale.
WARNING: [XSIM 43-4099] "C:/Users/eduar/Documents/GitHub/school/ece524l-fpga-asic-design-lab/lab-1-clocks-and-counters-project/lab-1-clocks-and-counters-project-feranmi.srcs/sources_1/imports/ece524-lab1-code-feranmi/BCD_Counter.v" Line 1. Module BCD_Counter doesn't have a timescale but at least one module in design has a timescale.
WARNING: [XSIM 43-4099] "C:/Users/eduar/Documents/GitHub/school/ece524l-fpga-asic-design-lab/lab-1-clocks-and-counters-project/lab-1-clocks-and-counters-project-feranmi.srcs/sources_1/imports/ece524-lab1-code-feranmi/top_level.v" Line 1. Module top_level_counter_mux doesn't have a timescale but at least one module in design has a timescale.
WARNING: [XSIM 43-4099] "C:/Users/eduar/Documents/GitHub/school/ece524l-fpga-asic-design-lab/lab-1-clocks-and-counters-project/lab-1-clocks-and-counters-project-feranmi.srcs/sources_1/imports/ece524-lab1-code-feranmi/clock_divider.v" Line 1. Module clock_divider doesn't have a timescale but at least one module in design has a timescale.
WARNING: [XSIM 43-4099] "C:/Users/eduar/Documents/GitHub/school/ece524l-fpga-asic-design-lab/lab-1-clocks-and-counters-project/lab-1-clocks-and-counters-project-feranmi.srcs/sources_1/imports/ece524-lab1-code-feranmi/bit_counter.v" Line 1. Module bit_counter doesn't have a timescale but at least one module in design has a timescale.
WARNING: [XSIM 43-4099] "C:/Users/eduar/Documents/GitHub/school/ece524l-fpga-asic-design-lab/lab-1-clocks-and-counters-project/lab-1-clocks-and-counters-project-feranmi.srcs/sources_1/imports/ece524-lab1-code-feranmi/even_counter.v" Line 1. Module even_counter doesn't have a timescale but at least one module in design has a timescale.
WARNING: [XSIM 43-4099] "C:/Users/eduar/Documents/GitHub/school/ece524l-fpga-asic-design-lab/lab-1-clocks-and-counters-project/lab-1-clocks-and-counters-project-feranmi.srcs/sources_1/imports/ece524-lab1-code-feranmi/fibonacci_counter.v" Line 1. Module fibonacci_counter doesn't have a timescale but at least one module in design has a timescale.
WARNING: [XSIM 43-4099] "C:/Users/eduar/Documents/GitHub/school/ece524l-fpga-asic-design-lab/lab-1-clocks-and-counters-project/lab-1-clocks-and-counters-project-feranmi.srcs/sources_1/imports/ece524-lab1-code-feranmi/greycode_counter.v" Line 1. Module gray_counter doesn't have a timescale but at least one module in design has a timescale.
WARNING: [XSIM 43-4099] "C:/Users/eduar/Documents/GitHub/school/ece524l-fpga-asic-design-lab/lab-1-clocks-and-counters-project/lab-1-clocks-and-counters-project-feranmi.srcs/sources_1/imports/ece524-lab1-code-feranmi/johnson_counter.v" Line 1. Module johnson_counter doesn't have a timescale but at least one module in design has a timescale.
WARNING: [XSIM 43-4099] "C:/Users/eduar/Documents/GitHub/school/ece524l-fpga-asic-design-lab/lab-1-clocks-and-counters-project/lab-1-clocks-and-counters-project-feranmi.srcs/sources_1/imports/ece524-lab1-code-feranmi/odd_counter.v" Line 1. Module odd_counter doesn't have a timescale but at least one module in design has a timescale.
WARNING: [XSIM 43-4099] "C:/Users/eduar/Documents/GitHub/school/ece524l-fpga-asic-design-lab/lab-1-clocks-and-counters-project/lab-1-clocks-and-counters-project-feranmi.srcs/sources_1/imports/ece524-lab1-code-feranmi/ring_counter.v" Line 1. Module ring_counter doesn't have a timescale but at least one module in design has a timescale.
WARNING: [XSIM 43-4099] "C:/Users/eduar/Documents/GitHub/school/ece524l-fpga-asic-design-lab/lab-1-clocks-and-counters-project/lab-1-clocks-and-counters-project-feranmi.srcs/sources_1/imports/ece524-lab1-code-feranmi/BCD_Counter.v" Line 1. Module BCD_Counter doesn't have a timescale but at least one module in design has a timescale.
Completed simulation data flow analysis
Time Resolution for simulation is 1ps
Compiling module xil_defaultlib.clock_divider
Compiling module xil_defaultlib.bit_counter
Compiling module xil_defaultlib.even_counter
Compiling module xil_defaultlib.fibonacci_counter
Compiling module xil_defaultlib.gray_counter
Compiling module xil_defaultlib.johnson_counter
Compiling module xil_defaultlib.odd_counter
Compiling module xil_defaultlib.ring_counter
Compiling module xil_defaultlib.BCD_Counter
Compiling module xil_defaultlib.top_level_counter_mux
Compiling module xil_defaultlib.tb_top_level
Compiling module xil_defaultlib.glbl
Built simulation snapshot tb_top_level_behav
INFO: [USF-XSim-69] 'elaborate' step finished in '4' seconds
INFO: [USF-XSim-4] XSim::Simulate design
INFO: [USF-XSim-61] Executing 'SIMULATE' step in 'C:/Users/eduar/Documents/GitHub/school/ece524l-fpga-asic-design-lab/lab-1-clocks-and-counters-project/lab-1-clocks-and-counters-project-feranmi.sim/sim_1/behav/xsim'
INFO: [USF-XSim-98] *** Running xsim
   with args "tb_top_level_behav -key {Behavioral:sim_1:Functional:tb_top_level} -tclbatch {tb_top_level.tcl} -log {simulate.log}"
INFO: [USF-XSim-8] Loading simulator feature
Time resolution is 1 ps
source tb_top_level.tcl
# set curr_wave [current_wave_config]
# if { [string length $curr_wave] == 0 } {
#   if { [llength [get_objects]] > 0} {
#     add_wave /
#     set_property needs_save false [current_wave_config]
#   } else {
#      send_msg_id Add_Wave-1 WARNING "No top level signals found. Simulator will start without a wave window. If you want to open a wave window go to 'File->New Waveform Configuration' or type 'create_wave_config' in the TCL console."
#   }
# }
# run 10000ns
INFO: [USF-XSim-96] XSim completed. Design snapshot 'tb_top_level_behav' loaded.
INFO: [USF-XSim-97] XSim simulation ran for 10000ns
launch_simulation: Time (s): cpu = 00:00:05 ; elapsed = 00:00:09 . Memory (MB): peak = 4157.855 ; gain = 0.000
set_property -name {xsim.simulate.runtime} -value {2000ns} -objects [get_filesets sim_1]
close_sim
INFO: [Simtcl 6-16] Simulation closed
launch_simulation
Command: launch_simulation 
INFO: [Vivado 12-12493] Simulation top is 'tb_top_level'
WARNING: [Vivado 12-13340] Unable to auto find GCC executables from simulator install path! (path not set)
INFO: [Vivado 12-5682] Launching behavioral simulation in 'C:/Users/eduar/Documents/GitHub/school/ece524l-fpga-asic-design-lab/lab-1-clocks-and-counters-project/lab-1-clocks-and-counters-project-feranmi.sim/sim_1/behav/xsim'
INFO: [SIM-utils-51] Simulation object is 'sim_1'
INFO: [SIM-utils-72] Using boost library from 'C:/Xilinx/Vivado/2023.1/tps/boost_1_72_0'
INFO: [SIM-utils-54] Inspecting design source files for 'tb_top_level' in fileset 'sim_1'...
INFO: [USF-XSim-97] Finding global include files...
INFO: [USF-XSim-98] Fetching design files from 'sim_1'...
INFO: [USF-XSim-2] XSim::Compile design
INFO: [USF-XSim-61] Executing 'COMPILE and ANALYZE' step in 'C:/Users/eduar/Documents/GitHub/school/ece524l-fpga-asic-design-lab/lab-1-clocks-and-counters-project/lab-1-clocks-and-counters-project-feranmi.sim/sim_1/behav/xsim'
"xvlog --incr --relax -prj tb_top_level_vlog.prj"
ECHO is off.
ECHO is off.
INFO: [USF-XSim-69] 'compile' step finished in '2' seconds
INFO: [USF-XSim-3] XSim::Elaborate design
INFO: [USF-XSim-61] Executing 'ELABORATE' step in 'C:/Users/eduar/Documents/GitHub/school/ece524l-fpga-asic-design-lab/lab-1-clocks-and-counters-project/lab-1-clocks-and-counters-project-feranmi.sim/sim_1/behav/xsim'
"xelab --incr --debug typical --relax --mt 2 -L xil_defaultlib -L unisims_ver -L unimacro_ver -L secureip --snapshot tb_top_level_behav xil_defaultlib.tb_top_level xil_defaultlib.glbl -log elaborate.log"
ECHO is off.
ECHO is off.
Vivado Simulator v2023.1
Copyright 1986-2022 Xilinx, Inc. All Rights Reserved.
Copyright 2022-2023 Advanced Micro Devices, Inc. All Rights Reserved.
Running: C:/Xilinx/Vivado/2023.1/bin/unwrapped/win64.o/xelab.exe --incr --debug typical --relax --mt 2 -L xil_defaultlib -L unisims_ver -L unimacro_ver -L secureip --snapshot tb_top_level_behav xil_defaultlib.tb_top_level xil_defaultlib.glbl -log elaborate.log 
Using 2 slave threads.
Starting static elaboration
Pass Through NonSizing Optimizer
Completed static elaboration
INFO: [XSIM 43-4323] No Change in HDL. Linking previously generated obj files to create kernel
INFO: [USF-XSim-69] 'elaborate' step finished in '2' seconds
INFO: [USF-XSim-4] XSim::Simulate design
INFO: [USF-XSim-61] Executing 'SIMULATE' step in 'C:/Users/eduar/Documents/GitHub/school/ece524l-fpga-asic-design-lab/lab-1-clocks-and-counters-project/lab-1-clocks-and-counters-project-feranmi.sim/sim_1/behav/xsim'
INFO: [USF-XSim-98] *** Running xsim
   with args "tb_top_level_behav -key {Behavioral:sim_1:Functional:tb_top_level} -tclbatch {tb_top_level.tcl} -log {simulate.log}"
INFO: [USF-XSim-8] Loading simulator feature
Time resolution is 1 ps
source tb_top_level.tcl
# set curr_wave [current_wave_config]
# if { [string length $curr_wave] == 0 } {
#   if { [llength [get_objects]] > 0} {
#     add_wave /
#     set_property needs_save false [current_wave_config]
#   } else {
#      send_msg_id Add_Wave-1 WARNING "No top level signals found. Simulator will start without a wave window. If you want to open a wave window go to 'File->New Waveform Configuration' or type 'create_wave_config' in the TCL console."
#   }
# }
# run 2000ns
INFO: [USF-XSim-96] XSim completed. Design snapshot 'tb_top_level_behav' loaded.
INFO: [USF-XSim-97] XSim simulation ran for 2000ns
launch_simulation: Time (s): cpu = 00:00:03 ; elapsed = 00:00:07 . Memory (MB): peak = 4157.855 ; gain = 0.000
close_sim
INFO: [Simtcl 6-16] Simulation closed
launch_simulation
Command: launch_simulation 
INFO: [Vivado 12-12493] Simulation top is 'tb_top_level'
WARNING: [Vivado 12-13340] Unable to auto find GCC executables from simulator install path! (path not set)
INFO: [Vivado 12-5682] Launching behavioral simulation in 'C:/Users/eduar/Documents/GitHub/school/ece524l-fpga-asic-design-lab/lab-1-clocks-and-counters-project/lab-1-clocks-and-counters-project-feranmi.sim/sim_1/behav/xsim'
INFO: [SIM-utils-51] Simulation object is 'sim_1'
INFO: [SIM-utils-72] Using boost library from 'C:/Xilinx/Vivado/2023.1/tps/boost_1_72_0'
INFO: [SIM-utils-54] Inspecting design source files for 'tb_top_level' in fileset 'sim_1'...
INFO: [USF-XSim-97] Finding global include files...
INFO: [USF-XSim-98] Fetching design files from 'sim_1'...
INFO: [USF-XSim-2] XSim::Compile design
INFO: [USF-XSim-61] Executing 'COMPILE and ANALYZE' step in 'C:/Users/eduar/Documents/GitHub/school/ece524l-fpga-asic-design-lab/lab-1-clocks-and-counters-project/lab-1-clocks-and-counters-project-feranmi.sim/sim_1/behav/xsim'
"xvlog --incr --relax -prj tb_top_level_vlog.prj"
ECHO is off.
ECHO is off.
INFO: [VRFC 10-2263] Analyzing Verilog file "C:/Users/eduar/Documents/GitHub/school/ece524l-fpga-asic-design-lab/lab-1-clocks-and-counters-project/lab-1-clocks-and-counters-project-feranmi.srcs/sources_1/imports/ece524-lab1-code-feranmi/BCD_Counter.v" into library xil_defaultlib
INFO: [VRFC 10-311] analyzing module BCD_Counter
INFO: [VRFC 10-2263] Analyzing Verilog file "C:/Users/eduar/Documents/GitHub/school/ece524l-fpga-asic-design-lab/lab-1-clocks-and-counters-project/lab-1-clocks-and-counters-project-feranmi.srcs/sources_1/imports/ece524-lab1-code-feranmi/bit_counter.v" into library xil_defaultlib
INFO: [VRFC 10-311] analyzing module bit_counter
INFO: [VRFC 10-2263] Analyzing Verilog file "C:/Users/eduar/Documents/GitHub/school/ece524l-fpga-asic-design-lab/lab-1-clocks-and-counters-project/lab-1-clocks-and-counters-project-feranmi.srcs/sources_1/imports/ece524-lab1-code-feranmi/clock_divider.v" into library xil_defaultlib
INFO: [VRFC 10-311] analyzing module clock_divider
INFO: [VRFC 10-2263] Analyzing Verilog file "C:/Users/eduar/Documents/GitHub/school/ece524l-fpga-asic-design-lab/lab-1-clocks-and-counters-project/lab-1-clocks-and-counters-project-feranmi.srcs/sources_1/imports/ece524-lab1-code-feranmi/even_counter.v" into library xil_defaultlib
INFO: [VRFC 10-311] analyzing module even_counter
INFO: [VRFC 10-2263] Analyzing Verilog file "C:/Users/eduar/Documents/GitHub/school/ece524l-fpga-asic-design-lab/lab-1-clocks-and-counters-project/lab-1-clocks-and-counters-project-feranmi.srcs/sources_1/imports/ece524-lab1-code-feranmi/fibonacci_counter.v" into library xil_defaultlib
INFO: [VRFC 10-311] analyzing module fibonacci_counter
INFO: [VRFC 10-2263] Analyzing Verilog file "C:/Users/eduar/Documents/GitHub/school/ece524l-fpga-asic-design-lab/lab-1-clocks-and-counters-project/lab-1-clocks-and-counters-project-feranmi.srcs/sources_1/imports/ece524-lab1-code-feranmi/greycode_counter.v" into library xil_defaultlib
INFO: [VRFC 10-311] analyzing module gray_counter
INFO: [VRFC 10-2263] Analyzing Verilog file "C:/Users/eduar/Documents/GitHub/school/ece524l-fpga-asic-design-lab/lab-1-clocks-and-counters-project/lab-1-clocks-and-counters-project-feranmi.srcs/sources_1/imports/ece524-lab1-code-feranmi/johnson_counter.v" into library xil_defaultlib
INFO: [VRFC 10-311] analyzing module johnson_counter
INFO: [VRFC 10-2263] Analyzing Verilog file "C:/Users/eduar/Documents/GitHub/school/ece524l-fpga-asic-design-lab/lab-1-clocks-and-counters-project/lab-1-clocks-and-counters-project-feranmi.srcs/sources_1/imports/ece524-lab1-code-feranmi/odd_counter.v" into library xil_defaultlib
INFO: [VRFC 10-311] analyzing module odd_counter
INFO: [VRFC 10-2263] Analyzing Verilog file "C:/Users/eduar/Documents/GitHub/school/ece524l-fpga-asic-design-lab/lab-1-clocks-and-counters-project/lab-1-clocks-and-counters-project-feranmi.srcs/sources_1/imports/ece524-lab1-code-feranmi/ring_counter.v" into library xil_defaultlib
INFO: [VRFC 10-311] analyzing module ring_counter
INFO: [VRFC 10-2263] Analyzing Verilog file "C:/Users/eduar/Documents/GitHub/school/ece524l-fpga-asic-design-lab/lab-1-clocks-and-counters-project/lab-1-clocks-and-counters-project-feranmi.srcs/sources_1/imports/ece524-lab1-code-feranmi/top_level.v" into library xil_defaultlib
INFO: [VRFC 10-311] analyzing module top_level_counter_mux
INFO: [VRFC 10-2263] Analyzing Verilog file "C:/Users/eduar/Documents/GitHub/school/ece524l-fpga-asic-design-lab/lab-1-clocks-and-counters-project/lab-1-clocks-and-counters-project-feranmi.srcs/sim_1/new/tb_top_level.v" into library xil_defaultlib
INFO: [VRFC 10-311] analyzing module tb_top_level
INFO: [USF-XSim-69] 'compile' step finished in '2' seconds
INFO: [USF-XSim-3] XSim::Elaborate design
INFO: [USF-XSim-61] Executing 'ELABORATE' step in 'C:/Users/eduar/Documents/GitHub/school/ece524l-fpga-asic-design-lab/lab-1-clocks-and-counters-project/lab-1-clocks-and-counters-project-feranmi.sim/sim_1/behav/xsim'
"xelab --incr --debug typical --relax --mt 2 -L xil_defaultlib -L unisims_ver -L unimacro_ver -L secureip --snapshot tb_top_level_behav xil_defaultlib.tb_top_level xil_defaultlib.glbl -log elaborate.log"
ECHO is off.
ECHO is off.
Vivado Simulator v2023.1
Copyright 1986-2022 Xilinx, Inc. All Rights Reserved.
Copyright 2022-2023 Advanced Micro Devices, Inc. All Rights Reserved.
Running: C:/Xilinx/Vivado/2023.1/bin/unwrapped/win64.o/xelab.exe --incr --debug typical --relax --mt 2 -L xil_defaultlib -L unisims_ver -L unimacro_ver -L secureip --snapshot tb_top_level_behav xil_defaultlib.tb_top_level xil_defaultlib.glbl -log elaborate.log 
Using 2 slave threads.
Starting static elaboration
Pass Through NonSizing Optimizer
Completed static elaboration
Starting simulation data flow analysis
WARNING: [XSIM 43-4099] "C:/Users/eduar/Documents/GitHub/school/ece524l-fpga-asic-design-lab/lab-1-clocks-and-counters-project/lab-1-clocks-and-counters-project-feranmi.srcs/sources_1/imports/ece524-lab1-code-feranmi/top_level.v" Line 1. Module top_level_counter_mux doesn't have a timescale but at least one module in design has a timescale.
WARNING: [XSIM 43-4099] "C:/Users/eduar/Documents/GitHub/school/ece524l-fpga-asic-design-lab/lab-1-clocks-and-counters-project/lab-1-clocks-and-counters-project-feranmi.srcs/sources_1/imports/ece524-lab1-code-feranmi/clock_divider.v" Line 1. Module clock_divider doesn't have a timescale but at least one module in design has a timescale.
WARNING: [XSIM 43-4099] "C:/Users/eduar/Documents/GitHub/school/ece524l-fpga-asic-design-lab/lab-1-clocks-and-counters-project/lab-1-clocks-and-counters-project-feranmi.srcs/sources_1/imports/ece524-lab1-code-feranmi/bit_counter.v" Line 1. Module bit_counter doesn't have a timescale but at least one module in design has a timescale.
WARNING: [XSIM 43-4099] "C:/Users/eduar/Documents/GitHub/school/ece524l-fpga-asic-design-lab/lab-1-clocks-and-counters-project/lab-1-clocks-and-counters-project-feranmi.srcs/sources_1/imports/ece524-lab1-code-feranmi/even_counter.v" Line 1. Module even_counter doesn't have a timescale but at least one module in design has a timescale.
WARNING: [XSIM 43-4099] "C:/Users/eduar/Documents/GitHub/school/ece524l-fpga-asic-design-lab/lab-1-clocks-and-counters-project/lab-1-clocks-and-counters-project-feranmi.srcs/sources_1/imports/ece524-lab1-code-feranmi/fibonacci_counter.v" Line 1. Module fibonacci_counter doesn't have a timescale but at least one module in design has a timescale.
WARNING: [XSIM 43-4099] "C:/Users/eduar/Documents/GitHub/school/ece524l-fpga-asic-design-lab/lab-1-clocks-and-counters-project/lab-1-clocks-and-counters-project-feranmi.srcs/sources_1/imports/ece524-lab1-code-feranmi/greycode_counter.v" Line 1. Module gray_counter doesn't have a timescale but at least one module in design has a timescale.
WARNING: [XSIM 43-4099] "C:/Users/eduar/Documents/GitHub/school/ece524l-fpga-asic-design-lab/lab-1-clocks-and-counters-project/lab-1-clocks-and-counters-project-feranmi.srcs/sources_1/imports/ece524-lab1-code-feranmi/johnson_counter.v" Line 1. Module johnson_counter doesn't have a timescale but at least one module in design has a timescale.
WARNING: [XSIM 43-4099] "C:/Users/eduar/Documents/GitHub/school/ece524l-fpga-asic-design-lab/lab-1-clocks-and-counters-project/lab-1-clocks-and-counters-project-feranmi.srcs/sources_1/imports/ece524-lab1-code-feranmi/odd_counter.v" Line 1. Module odd_counter doesn't have a timescale but at least one module in design has a timescale.
WARNING: [XSIM 43-4099] "C:/Users/eduar/Documents/GitHub/school/ece524l-fpga-asic-design-lab/lab-1-clocks-and-counters-project/lab-1-clocks-and-counters-project-feranmi.srcs/sources_1/imports/ece524-lab1-code-feranmi/ring_counter.v" Line 1. Module ring_counter doesn't have a timescale but at least one module in design has a timescale.
WARNING: [XSIM 43-4099] "C:/Users/eduar/Documents/GitHub/school/ece524l-fpga-asic-design-lab/lab-1-clocks-and-counters-project/lab-1-clocks-and-counters-project-feranmi.srcs/sources_1/imports/ece524-lab1-code-feranmi/BCD_Counter.v" Line 1. Module BCD_Counter doesn't have a timescale but at least one module in design has a timescale.
WARNING: [XSIM 43-4099] "C:/Users/eduar/Documents/GitHub/school/ece524l-fpga-asic-design-lab/lab-1-clocks-and-counters-project/lab-1-clocks-and-counters-project-feranmi.srcs/sources_1/imports/ece524-lab1-code-feranmi/top_level.v" Line 1. Module top_level_counter_mux doesn't have a timescale but at least one module in design has a timescale.
WARNING: [XSIM 43-4099] "C:/Users/eduar/Documents/GitHub/school/ece524l-fpga-asic-design-lab/lab-1-clocks-and-counters-project/lab-1-clocks-and-counters-project-feranmi.srcs/sources_1/imports/ece524-lab1-code-feranmi/clock_divider.v" Line 1. Module clock_divider doesn't have a timescale but at least one module in design has a timescale.
WARNING: [XSIM 43-4099] "C:/Users/eduar/Documents/GitHub/school/ece524l-fpga-asic-design-lab/lab-1-clocks-and-counters-project/lab-1-clocks-and-counters-project-feranmi.srcs/sources_1/imports/ece524-lab1-code-feranmi/bit_counter.v" Line 1. Module bit_counter doesn't have a timescale but at least one module in design has a timescale.
WARNING: [XSIM 43-4099] "C:/Users/eduar/Documents/GitHub/school/ece524l-fpga-asic-design-lab/lab-1-clocks-and-counters-project/lab-1-clocks-and-counters-project-feranmi.srcs/sources_1/imports/ece524-lab1-code-feranmi/even_counter.v" Line 1. Module even_counter doesn't have a timescale but at least one module in design has a timescale.
WARNING: [XSIM 43-4099] "C:/Users/eduar/Documents/GitHub/school/ece524l-fpga-asic-design-lab/lab-1-clocks-and-counters-project/lab-1-clocks-and-counters-project-feranmi.srcs/sources_1/imports/ece524-lab1-code-feranmi/fibonacci_counter.v" Line 1. Module fibonacci_counter doesn't have a timescale but at least one module in design has a timescale.
WARNING: [XSIM 43-4099] "C:/Users/eduar/Documents/GitHub/school/ece524l-fpga-asic-design-lab/lab-1-clocks-and-counters-project/lab-1-clocks-and-counters-project-feranmi.srcs/sources_1/imports/ece524-lab1-code-feranmi/greycode_counter.v" Line 1. Module gray_counter doesn't have a timescale but at least one module in design has a timescale.
WARNING: [XSIM 43-4099] "C:/Users/eduar/Documents/GitHub/school/ece524l-fpga-asic-design-lab/lab-1-clocks-and-counters-project/lab-1-clocks-and-counters-project-feranmi.srcs/sources_1/imports/ece524-lab1-code-feranmi/johnson_counter.v" Line 1. Module johnson_counter doesn't have a timescale but at least one module in design has a timescale.
WARNING: [XSIM 43-4099] "C:/Users/eduar/Documents/GitHub/school/ece524l-fpga-asic-design-lab/lab-1-clocks-and-counters-project/lab-1-clocks-and-counters-project-feranmi.srcs/sources_1/imports/ece524-lab1-code-feranmi/odd_counter.v" Line 1. Module odd_counter doesn't have a timescale but at least one module in design has a timescale.
WARNING: [XSIM 43-4099] "C:/Users/eduar/Documents/GitHub/school/ece524l-fpga-asic-design-lab/lab-1-clocks-and-counters-project/lab-1-clocks-and-counters-project-feranmi.srcs/sources_1/imports/ece524-lab1-code-feranmi/ring_counter.v" Line 1. Module ring_counter doesn't have a timescale but at least one module in design has a timescale.
WARNING: [XSIM 43-4099] "C:/Users/eduar/Documents/GitHub/school/ece524l-fpga-asic-design-lab/lab-1-clocks-and-counters-project/lab-1-clocks-and-counters-project-feranmi.srcs/sources_1/imports/ece524-lab1-code-feranmi/BCD_Counter.v" Line 1. Module BCD_Counter doesn't have a timescale but at least one module in design has a timescale.
Completed simulation data flow analysis
Time Resolution for simulation is 1ps
Compiling module xil_defaultlib.clock_divider
Compiling module xil_defaultlib.bit_counter
Compiling module xil_defaultlib.even_counter
Compiling module xil_defaultlib.fibonacci_counter
Compiling module xil_defaultlib.gray_counter
Compiling module xil_defaultlib.johnson_counter
Compiling module xil_defaultlib.odd_counter
Compiling module xil_defaultlib.ring_counter
Compiling module xil_defaultlib.BCD_Counter
Compiling module xil_defaultlib.top_level_counter_mux
Compiling module xil_defaultlib.tb_top_level
Compiling module xil_defaultlib.glbl
Built simulation snapshot tb_top_level_behav
INFO: [USF-XSim-69] 'elaborate' step finished in '4' seconds
INFO: [USF-XSim-4] XSim::Simulate design
INFO: [USF-XSim-61] Executing 'SIMULATE' step in 'C:/Users/eduar/Documents/GitHub/school/ece524l-fpga-asic-design-lab/lab-1-clocks-and-counters-project/lab-1-clocks-and-counters-project-feranmi.sim/sim_1/behav/xsim'
INFO: [USF-XSim-98] *** Running xsim
   with args "tb_top_level_behav -key {Behavioral:sim_1:Functional:tb_top_level} -tclbatch {tb_top_level.tcl} -log {simulate.log}"
INFO: [USF-XSim-8] Loading simulator feature
Time resolution is 1 ps
source tb_top_level.tcl
# set curr_wave [current_wave_config]
# if { [string length $curr_wave] == 0 } {
#   if { [llength [get_objects]] > 0} {
#     add_wave /
#     set_property needs_save false [current_wave_config]
#   } else {
#      send_msg_id Add_Wave-1 WARNING "No top level signals found. Simulator will start without a wave window. If you want to open a wave window go to 'File->New Waveform Configuration' or type 'create_wave_config' in the TCL console."
#   }
# }
# run 2000ns
INFO: [USF-XSim-96] XSim completed. Design snapshot 'tb_top_level_behav' loaded.
INFO: [USF-XSim-97] XSim simulation ran for 2000ns
launch_simulation: Time (s): cpu = 00:00:03 ; elapsed = 00:00:09 . Memory (MB): peak = 4429.238 ; gain = 0.000
close_sim
INFO: [Simtcl 6-16] Simulation closed
launch_simulation
Command: launch_simulation 
INFO: [Vivado 12-12493] Simulation top is 'tb_top_level'
WARNING: [Vivado 12-13340] Unable to auto find GCC executables from simulator install path! (path not set)
INFO: [Vivado 12-5682] Launching behavioral simulation in 'C:/Users/eduar/Documents/GitHub/school/ece524l-fpga-asic-design-lab/lab-1-clocks-and-counters-project/lab-1-clocks-and-counters-project-feranmi.sim/sim_1/behav/xsim'
INFO: [SIM-utils-51] Simulation object is 'sim_1'
INFO: [SIM-utils-72] Using boost library from 'C:/Xilinx/Vivado/2023.1/tps/boost_1_72_0'
INFO: [SIM-utils-54] Inspecting design source files for 'tb_top_level' in fileset 'sim_1'...
INFO: [USF-XSim-97] Finding global include files...
INFO: [USF-XSim-98] Fetching design files from 'sim_1'...
INFO: [USF-XSim-2] XSim::Compile design
INFO: [USF-XSim-61] Executing 'COMPILE and ANALYZE' step in 'C:/Users/eduar/Documents/GitHub/school/ece524l-fpga-asic-design-lab/lab-1-clocks-and-counters-project/lab-1-clocks-and-counters-project-feranmi.sim/sim_1/behav/xsim'
"xvlog --incr --relax -prj tb_top_level_vlog.prj"
ECHO is off.
ECHO is off.
INFO: [VRFC 10-2263] Analyzing Verilog file "C:/Users/eduar/Documents/GitHub/school/ece524l-fpga-asic-design-lab/lab-1-clocks-and-counters-project/lab-1-clocks-and-counters-project-feranmi.srcs/sources_1/imports/ece524-lab1-code-feranmi/BCD_Counter.v" into library xil_defaultlib
INFO: [VRFC 10-311] analyzing module BCD_Counter
INFO: [VRFC 10-2263] Analyzing Verilog file "C:/Users/eduar/Documents/GitHub/school/ece524l-fpga-asic-design-lab/lab-1-clocks-and-counters-project/lab-1-clocks-and-counters-project-feranmi.srcs/sources_1/imports/ece524-lab1-code-feranmi/bit_counter.v" into library xil_defaultlib
INFO: [VRFC 10-311] analyzing module bit_counter
INFO: [VRFC 10-2263] Analyzing Verilog file "C:/Users/eduar/Documents/GitHub/school/ece524l-fpga-asic-design-lab/lab-1-clocks-and-counters-project/lab-1-clocks-and-counters-project-feranmi.srcs/sources_1/imports/ece524-lab1-code-feranmi/clock_divider.v" into library xil_defaultlib
INFO: [VRFC 10-311] analyzing module clock_divider
INFO: [VRFC 10-2263] Analyzing Verilog file "C:/Users/eduar/Documents/GitHub/school/ece524l-fpga-asic-design-lab/lab-1-clocks-and-counters-project/lab-1-clocks-and-counters-project-feranmi.srcs/sources_1/imports/ece524-lab1-code-feranmi/even_counter.v" into library xil_defaultlib
INFO: [VRFC 10-311] analyzing module even_counter
INFO: [VRFC 10-2263] Analyzing Verilog file "C:/Users/eduar/Documents/GitHub/school/ece524l-fpga-asic-design-lab/lab-1-clocks-and-counters-project/lab-1-clocks-and-counters-project-feranmi.srcs/sources_1/imports/ece524-lab1-code-feranmi/fibonacci_counter.v" into library xil_defaultlib
INFO: [VRFC 10-311] analyzing module fibonacci_counter
INFO: [VRFC 10-2263] Analyzing Verilog file "C:/Users/eduar/Documents/GitHub/school/ece524l-fpga-asic-design-lab/lab-1-clocks-and-counters-project/lab-1-clocks-and-counters-project-feranmi.srcs/sources_1/imports/ece524-lab1-code-feranmi/greycode_counter.v" into library xil_defaultlib
INFO: [VRFC 10-311] analyzing module gray_counter
INFO: [VRFC 10-2263] Analyzing Verilog file "C:/Users/eduar/Documents/GitHub/school/ece524l-fpga-asic-design-lab/lab-1-clocks-and-counters-project/lab-1-clocks-and-counters-project-feranmi.srcs/sources_1/imports/ece524-lab1-code-feranmi/johnson_counter.v" into library xil_defaultlib
INFO: [VRFC 10-311] analyzing module johnson_counter
INFO: [VRFC 10-2263] Analyzing Verilog file "C:/Users/eduar/Documents/GitHub/school/ece524l-fpga-asic-design-lab/lab-1-clocks-and-counters-project/lab-1-clocks-and-counters-project-feranmi.srcs/sources_1/imports/ece524-lab1-code-feranmi/odd_counter.v" into library xil_defaultlib
INFO: [VRFC 10-311] analyzing module odd_counter
INFO: [VRFC 10-2263] Analyzing Verilog file "C:/Users/eduar/Documents/GitHub/school/ece524l-fpga-asic-design-lab/lab-1-clocks-and-counters-project/lab-1-clocks-and-counters-project-feranmi.srcs/sources_1/imports/ece524-lab1-code-feranmi/ring_counter.v" into library xil_defaultlib
INFO: [VRFC 10-311] analyzing module ring_counter
INFO: [VRFC 10-2263] Analyzing Verilog file "C:/Users/eduar/Documents/GitHub/school/ece524l-fpga-asic-design-lab/lab-1-clocks-and-counters-project/lab-1-clocks-and-counters-project-feranmi.srcs/sources_1/imports/ece524-lab1-code-feranmi/top_level.v" into library xil_defaultlib
INFO: [VRFC 10-311] analyzing module top_level_counter_mux
INFO: [VRFC 10-2263] Analyzing Verilog file "C:/Users/eduar/Documents/GitHub/school/ece524l-fpga-asic-design-lab/lab-1-clocks-and-counters-project/lab-1-clocks-and-counters-project-feranmi.srcs/sim_1/new/tb_top_level.v" into library xil_defaultlib
INFO: [VRFC 10-311] analyzing module tb_top_level
INFO: [USF-XSim-69] 'compile' step finished in '3' seconds
INFO: [USF-XSim-3] XSim::Elaborate design
INFO: [USF-XSim-61] Executing 'ELABORATE' step in 'C:/Users/eduar/Documents/GitHub/school/ece524l-fpga-asic-design-lab/lab-1-clocks-and-counters-project/lab-1-clocks-and-counters-project-feranmi.sim/sim_1/behav/xsim'
"xelab --incr --debug typical --relax --mt 2 -L xil_defaultlib -L unisims_ver -L unimacro_ver -L secureip --snapshot tb_top_level_behav xil_defaultlib.tb_top_level xil_defaultlib.glbl -log elaborate.log"
ECHO is off.
ECHO is off.
Vivado Simulator v2023.1
Copyright 1986-2022 Xilinx, Inc. All Rights Reserved.
Copyright 2022-2023 Advanced Micro Devices, Inc. All Rights Reserved.
Running: C:/Xilinx/Vivado/2023.1/bin/unwrapped/win64.o/xelab.exe --incr --debug typical --relax --mt 2 -L xil_defaultlib -L unisims_ver -L unimacro_ver -L secureip --snapshot tb_top_level_behav xil_defaultlib.tb_top_level xil_defaultlib.glbl -log elaborate.log 
Using 2 slave threads.
Starting static elaboration
Pass Through NonSizing Optimizer
Completed static elaboration
Starting simulation data flow analysis
WARNING: [XSIM 43-4099] "C:/Users/eduar/Documents/GitHub/school/ece524l-fpga-asic-design-lab/lab-1-clocks-and-counters-project/lab-1-clocks-and-counters-project-feranmi.srcs/sources_1/imports/ece524-lab1-code-feranmi/top_level.v" Line 1. Module top_level_counter_mux doesn't have a timescale but at least one module in design has a timescale.
WARNING: [XSIM 43-4099] "C:/Users/eduar/Documents/GitHub/school/ece524l-fpga-asic-design-lab/lab-1-clocks-and-counters-project/lab-1-clocks-and-counters-project-feranmi.srcs/sources_1/imports/ece524-lab1-code-feranmi/clock_divider.v" Line 1. Module clock_divider doesn't have a timescale but at least one module in design has a timescale.
WARNING: [XSIM 43-4099] "C:/Users/eduar/Documents/GitHub/school/ece524l-fpga-asic-design-lab/lab-1-clocks-and-counters-project/lab-1-clocks-and-counters-project-feranmi.srcs/sources_1/imports/ece524-lab1-code-feranmi/bit_counter.v" Line 1. Module bit_counter doesn't have a timescale but at least one module in design has a timescale.
WARNING: [XSIM 43-4099] "C:/Users/eduar/Documents/GitHub/school/ece524l-fpga-asic-design-lab/lab-1-clocks-and-counters-project/lab-1-clocks-and-counters-project-feranmi.srcs/sources_1/imports/ece524-lab1-code-feranmi/even_counter.v" Line 1. Module even_counter doesn't have a timescale but at least one module in design has a timescale.
WARNING: [XSIM 43-4099] "C:/Users/eduar/Documents/GitHub/school/ece524l-fpga-asic-design-lab/lab-1-clocks-and-counters-project/lab-1-clocks-and-counters-project-feranmi.srcs/sources_1/imports/ece524-lab1-code-feranmi/fibonacci_counter.v" Line 1. Module fibonacci_counter doesn't have a timescale but at least one module in design has a timescale.
WARNING: [XSIM 43-4099] "C:/Users/eduar/Documents/GitHub/school/ece524l-fpga-asic-design-lab/lab-1-clocks-and-counters-project/lab-1-clocks-and-counters-project-feranmi.srcs/sources_1/imports/ece524-lab1-code-feranmi/greycode_counter.v" Line 1. Module gray_counter doesn't have a timescale but at least one module in design has a timescale.
WARNING: [XSIM 43-4099] "C:/Users/eduar/Documents/GitHub/school/ece524l-fpga-asic-design-lab/lab-1-clocks-and-counters-project/lab-1-clocks-and-counters-project-feranmi.srcs/sources_1/imports/ece524-lab1-code-feranmi/johnson_counter.v" Line 1. Module johnson_counter doesn't have a timescale but at least one module in design has a timescale.
WARNING: [XSIM 43-4099] "C:/Users/eduar/Documents/GitHub/school/ece524l-fpga-asic-design-lab/lab-1-clocks-and-counters-project/lab-1-clocks-and-counters-project-feranmi.srcs/sources_1/imports/ece524-lab1-code-feranmi/odd_counter.v" Line 1. Module odd_counter doesn't have a timescale but at least one module in design has a timescale.
WARNING: [XSIM 43-4099] "C:/Users/eduar/Documents/GitHub/school/ece524l-fpga-asic-design-lab/lab-1-clocks-and-counters-project/lab-1-clocks-and-counters-project-feranmi.srcs/sources_1/imports/ece524-lab1-code-feranmi/ring_counter.v" Line 1. Module ring_counter doesn't have a timescale but at least one module in design has a timescale.
WARNING: [XSIM 43-4099] "C:/Users/eduar/Documents/GitHub/school/ece524l-fpga-asic-design-lab/lab-1-clocks-and-counters-project/lab-1-clocks-and-counters-project-feranmi.srcs/sources_1/imports/ece524-lab1-code-feranmi/BCD_Counter.v" Line 1. Module BCD_Counter doesn't have a timescale but at least one module in design has a timescale.
WARNING: [XSIM 43-4099] "C:/Users/eduar/Documents/GitHub/school/ece524l-fpga-asic-design-lab/lab-1-clocks-and-counters-project/lab-1-clocks-and-counters-project-feranmi.srcs/sources_1/imports/ece524-lab1-code-feranmi/top_level.v" Line 1. Module top_level_counter_mux doesn't have a timescale but at least one module in design has a timescale.
WARNING: [XSIM 43-4099] "C:/Users/eduar/Documents/GitHub/school/ece524l-fpga-asic-design-lab/lab-1-clocks-and-counters-project/lab-1-clocks-and-counters-project-feranmi.srcs/sources_1/imports/ece524-lab1-code-feranmi/clock_divider.v" Line 1. Module clock_divider doesn't have a timescale but at least one module in design has a timescale.
WARNING: [XSIM 43-4099] "C:/Users/eduar/Documents/GitHub/school/ece524l-fpga-asic-design-lab/lab-1-clocks-and-counters-project/lab-1-clocks-and-counters-project-feranmi.srcs/sources_1/imports/ece524-lab1-code-feranmi/bit_counter.v" Line 1. Module bit_counter doesn't have a timescale but at least one module in design has a timescale.
WARNING: [XSIM 43-4099] "C:/Users/eduar/Documents/GitHub/school/ece524l-fpga-asic-design-lab/lab-1-clocks-and-counters-project/lab-1-clocks-and-counters-project-feranmi.srcs/sources_1/imports/ece524-lab1-code-feranmi/even_counter.v" Line 1. Module even_counter doesn't have a timescale but at least one module in design has a timescale.
WARNING: [XSIM 43-4099] "C:/Users/eduar/Documents/GitHub/school/ece524l-fpga-asic-design-lab/lab-1-clocks-and-counters-project/lab-1-clocks-and-counters-project-feranmi.srcs/sources_1/imports/ece524-lab1-code-feranmi/fibonacci_counter.v" Line 1. Module fibonacci_counter doesn't have a timescale but at least one module in design has a timescale.
WARNING: [XSIM 43-4099] "C:/Users/eduar/Documents/GitHub/school/ece524l-fpga-asic-design-lab/lab-1-clocks-and-counters-project/lab-1-clocks-and-counters-project-feranmi.srcs/sources_1/imports/ece524-lab1-code-feranmi/greycode_counter.v" Line 1. Module gray_counter doesn't have a timescale but at least one module in design has a timescale.
WARNING: [XSIM 43-4099] "C:/Users/eduar/Documents/GitHub/school/ece524l-fpga-asic-design-lab/lab-1-clocks-and-counters-project/lab-1-clocks-and-counters-project-feranmi.srcs/sources_1/imports/ece524-lab1-code-feranmi/johnson_counter.v" Line 1. Module johnson_counter doesn't have a timescale but at least one module in design has a timescale.
WARNING: [XSIM 43-4099] "C:/Users/eduar/Documents/GitHub/school/ece524l-fpga-asic-design-lab/lab-1-clocks-and-counters-project/lab-1-clocks-and-counters-project-feranmi.srcs/sources_1/imports/ece524-lab1-code-feranmi/odd_counter.v" Line 1. Module odd_counter doesn't have a timescale but at least one module in design has a timescale.
WARNING: [XSIM 43-4099] "C:/Users/eduar/Documents/GitHub/school/ece524l-fpga-asic-design-lab/lab-1-clocks-and-counters-project/lab-1-clocks-and-counters-project-feranmi.srcs/sources_1/imports/ece524-lab1-code-feranmi/ring_counter.v" Line 1. Module ring_counter doesn't have a timescale but at least one module in design has a timescale.
WARNING: [XSIM 43-4099] "C:/Users/eduar/Documents/GitHub/school/ece524l-fpga-asic-design-lab/lab-1-clocks-and-counters-project/lab-1-clocks-and-counters-project-feranmi.srcs/sources_1/imports/ece524-lab1-code-feranmi/BCD_Counter.v" Line 1. Module BCD_Counter doesn't have a timescale but at least one module in design has a timescale.
Completed simulation data flow analysis
Time Resolution for simulation is 1ps
Compiling module xil_defaultlib.clock_divider
Compiling module xil_defaultlib.bit_counter
Compiling module xil_defaultlib.even_counter
Compiling module xil_defaultlib.fibonacci_counter
Compiling module xil_defaultlib.gray_counter
Compiling module xil_defaultlib.johnson_counter
Compiling module xil_defaultlib.odd_counter
Compiling module xil_defaultlib.ring_counter
Compiling module xil_defaultlib.BCD_Counter
Compiling module xil_defaultlib.top_level_counter_mux
Compiling module xil_defaultlib.tb_top_level
Compiling module xil_defaultlib.glbl
Built simulation snapshot tb_top_level_behav
INFO: [USF-XSim-69] 'elaborate' step finished in '4' seconds
INFO: [USF-XSim-4] XSim::Simulate design
INFO: [USF-XSim-61] Executing 'SIMULATE' step in 'C:/Users/eduar/Documents/GitHub/school/ece524l-fpga-asic-design-lab/lab-1-clocks-and-counters-project/lab-1-clocks-and-counters-project-feranmi.sim/sim_1/behav/xsim'
INFO: [USF-XSim-98] *** Running xsim
   with args "tb_top_level_behav -key {Behavioral:sim_1:Functional:tb_top_level} -tclbatch {tb_top_level.tcl} -log {simulate.log}"
INFO: [USF-XSim-8] Loading simulator feature
Time resolution is 1 ps
source tb_top_level.tcl
# set curr_wave [current_wave_config]
# if { [string length $curr_wave] == 0 } {
#   if { [llength [get_objects]] > 0} {
#     add_wave /
#     set_property needs_save false [current_wave_config]
#   } else {
#      send_msg_id Add_Wave-1 WARNING "No top level signals found. Simulator will start without a wave window. If you want to open a wave window go to 'File->New Waveform Configuration' or type 'create_wave_config' in the TCL console."
#   }
# }
# run 2000ns
INFO: [USF-XSim-96] XSim completed. Design snapshot 'tb_top_level_behav' loaded.
INFO: [USF-XSim-97] XSim simulation ran for 2000ns
launch_simulation: Time (s): cpu = 00:00:03 ; elapsed = 00:00:09 . Memory (MB): peak = 4429.262 ; gain = 0.023
save_wave_config {C:/Users/eduar/Documents/GitHub/school/ece524l-fpga-asic-design-lab/lab-1-clocks-and-counters-project/tb_top_level_behav.wcfg}
close_sim
INFO: [Simtcl 6-16] Simulation closed
exit
INFO: [Common 17-206] Exiting Vivado at Mon Sep 14 19:07:50 2026...
