Copyright 1986-2022 Xilinx, Inc. All Rights Reserved. Copyright 2022-2023 Advanced Micro Devices, Inc. All Rights Reserved.
---------------------------------------------------------------------------------------------------------------------------------------------------------------------------------------------------------
| Tool Version : Vivado v.2023.1 (win64) Build 3865809 Sun May  7 15:05:29 MDT 2023
| Date         : Wed Sep 23 17:53:32 2026
| Host         : TABLET-9UARK71U running 64-bit major release  (build 9200)
| Command      : report_timing_summary -max_paths 10 -report_unconstrained -file main_timing_summary_routed.rpt -pb main_timing_summary_routed.pb -rpx main_timing_summary_routed.rpx -warn_on_violation
| Design       : main
| Device       : 7z010-clg400
| Speed File   : -1  PRODUCTION 1.12 2019-11-22
| Design State : Routed
---------------------------------------------------------------------------------------------------------------------------------------------------------------------------------------------------------

Timing Summary Report

------------------------------------------------------------------------------------------------
| Timer Settings
| --------------
------------------------------------------------------------------------------------------------

  Enable Multi Corner Analysis               :  Yes
  Enable Pessimism Removal                   :  Yes
  Pessimism Removal Resolution               :  Nearest Common Node
  Enable Input Delay Default Clock           :  No
  Enable Preset / Clear Arcs                 :  No
  Disable Flight Delays                      :  No
  Ignore I/O Paths                           :  No
  Timing Early Launch at Borrowing Latches   :  No
  Borrow Time for Max Delay Exceptions       :  Yes
  Merge Timing Exceptions                    :  Yes

  Corner  Analyze    Analyze    
  Name    Max Paths  Min Paths  
  ------  ---------  ---------  
  Slow    Yes        Yes        
  Fast    Yes        Yes        


------------------------------------------------------------------------------------------------
| Report Methodology
| ------------------
------------------------------------------------------------------------------------------------

Rule       Severity  Description                       Violations  
---------  --------  --------------------------------  ----------  
HPDR-1     Warning   Port pin direction inconsistency  4           
TIMING-18  Warning   Missing input or output delay     24          

Note: This report is based on the most recent report_methodology run and may not be up-to-date. Run report_methodology on the current design for the latest report.



check_timing report

Table of Contents
-----------------
1. checking no_clock (0)
2. checking constant_clock (0)
3. checking pulse_width_clock (0)
4. checking unconstrained_internal_endpoints (0)
5. checking no_input_delay (4)
6. checking no_output_delay (12)
7. checking multiple_clock (0)
8. checking generated_clocks (0)
9. checking loops (0)
10. checking partial_input_delay (0)
11. checking partial_output_delay (0)
12. checking latch_loops (0)

1. checking no_clock (0)
------------------------
 There are 0 register/latch pins with no clock.


2. checking constant_clock (0)
------------------------------
 There are 0 register/latch pins with constant_clock.


3. checking pulse_width_clock (0)
---------------------------------
 There are 0 register/latch pins which need pulse_width check


4. checking unconstrained_internal_endpoints (0)
------------------------------------------------
 There are 0 pins that are not constrained for maximum delay.

 There are 0 pins that are not constrained for maximum delay due to constant clock.


5. checking no_input_delay (4)
------------------------------
 There are 4 input ports with no input delay specified. (HIGH)

 There are 0 input ports with no input delay but user has a false path constraint.


6. checking no_output_delay (12)
--------------------------------
 There are 12 ports with no output delay specified. (HIGH)

 There are 0 ports with no output delay but user has a false path constraint

 There are 0 ports with no output delay but with a timing clock defined on it or propagating through it


7. checking multiple_clock (0)
------------------------------
 There are 0 register/latch pins with multiple clocks.


8. checking generated_clocks (0)
--------------------------------
 There are 0 generated clocks that are not connected to a clock source.


9. checking loops (0)
---------------------
 There are 0 combinational loops in the design.


10. checking partial_input_delay (0)
------------------------------------
 There are 0 input ports with partial input delay specified.


11. checking partial_output_delay (0)
-------------------------------------
 There are 0 ports with partial output delay specified.


12. checking latch_loops (0)
----------------------------
 There are 0 combinational latch loops in the design through latch input



------------------------------------------------------------------------------------------------
| Design Timing Summary
| ---------------------
------------------------------------------------------------------------------------------------

    WNS(ns)      TNS(ns)  TNS Failing Endpoints  TNS Total Endpoints      WHS(ns)      THS(ns)  THS Failing Endpoints  THS Total Endpoints     WPWS(ns)     TPWS(ns)  TPWS Failing Endpoints  TPWS Total Endpoints  
    -------      -------  ---------------------  -------------------      -------      -------  ---------------------  -------------------     --------     --------  ----------------------  --------------------  
      2.746        0.000                      0                  136        0.151        0.000                      0                  136        3.500        0.000                       0                    81  


All user specified timing constraints are met.


------------------------------------------------------------------------------------------------
| Clock Summary
| -------------
------------------------------------------------------------------------------------------------

Clock        Waveform(ns)         Period(ns)      Frequency(MHz)
-----        ------------         ----------      --------------
sys_clk_pin  {0.000 4.000}        8.000           125.000         


------------------------------------------------------------------------------------------------
| Intra Clock Table
| -----------------
------------------------------------------------------------------------------------------------

Clock             WNS(ns)      TNS(ns)  TNS Failing Endpoints  TNS Total Endpoints      WHS(ns)      THS(ns)  THS Failing Endpoints  THS Total Endpoints     WPWS(ns)     TPWS(ns)  TPWS Failing Endpoints  TPWS Total Endpoints  
-----             -------      -------  ---------------------  -------------------      -------      -------  ---------------------  -------------------     --------     --------  ----------------------  --------------------  
sys_clk_pin         2.746        0.000                      0                  136        0.151        0.000                      0                  136        3.500        0.000                       0                    81  


------------------------------------------------------------------------------------------------
| Inter Clock Table
| -----------------
------------------------------------------------------------------------------------------------

From Clock    To Clock          WNS(ns)      TNS(ns)  TNS Failing Endpoints  TNS Total Endpoints      WHS(ns)      THS(ns)  THS Failing Endpoints  THS Total Endpoints  
----------    --------          -------      -------  ---------------------  -------------------      -------      -------  ---------------------  -------------------  


------------------------------------------------------------------------------------------------
| Other Path Groups Table
| -----------------------
------------------------------------------------------------------------------------------------

Path Group    From Clock    To Clock          WNS(ns)      TNS(ns)  TNS Failing Endpoints  TNS Total Endpoints      WHS(ns)      THS(ns)  THS Failing Endpoints  THS Total Endpoints  
----------    ----------    --------          -------      -------  ---------------------  -------------------      -------      -------  ---------------------  -------------------  


------------------------------------------------------------------------------------------------
| User Ignored Path Table
| -----------------------
------------------------------------------------------------------------------------------------

Path Group    From Clock    To Clock    
----------    ----------    --------    


------------------------------------------------------------------------------------------------
| Unconstrained Path Table
| ------------------------
------------------------------------------------------------------------------------------------

Path Group    From Clock    To Clock    
----------    ----------    --------    
(none)        sys_clk_pin                 
(none)                      sys_clk_pin   


------------------------------------------------------------------------------------------------
| Timing Details
| --------------
------------------------------------------------------------------------------------------------


---------------------------------------------------------------------------------------------------
From Clock:  sys_clk_pin
  To Clock:  sys_clk_pin

Setup :            0  Failing Endpoints,  Worst Slack        2.746ns,  Total Violation        0.000ns
Hold  :            0  Failing Endpoints,  Worst Slack        0.151ns,  Total Violation        0.000ns
PW    :            0  Failing Endpoints,  Worst Slack        3.500ns,  Total Violation        0.000ns
---------------------------------------------------------------------------------------------------


Max Delay Paths
--------------------------------------------------------------------------------------
Slack (MET) :             2.746ns  (required time - arrival time)
  Source:                 C0/sclk_reg[5]/C
                            (rising edge-triggered cell FDRE clocked by sys_clk_pin  {rise@0.000ns fall@4.000ns period=8.000ns})
  Destination:            C0/DetectedDigit_reg[0]/D
                            (rising edge-triggered cell FDRE clocked by sys_clk_pin  {rise@0.000ns fall@4.000ns period=8.000ns})
  Path Group:             sys_clk_pin
  Path Type:              Setup (Max at Slow Process Corner)
  Requirement:            8.000ns  (sys_clk_pin rise@8.000ns - sys_clk_pin rise@0.000ns)
  Data Path Delay:        5.189ns  (logic 1.444ns (27.830%)  route 3.745ns (72.170%))
  Logic Levels:           5  (LUT4=3 LUT6=2)
  Clock Path Skew:        -0.061ns (DCD - SCD + CPR)
    Destination Clock Delay (DCD):    4.956ns = ( 12.956 - 8.000 ) 
    Source Clock Delay      (SCD):    5.408ns
    Clock Pessimism Removal (CPR):    0.391ns
  Clock Uncertainty:      0.035ns  ((TSJ^2 + TIJ^2)^1/2 + DJ) / 2 + PE
    Total System Jitter     (TSJ):    0.071ns
    Total Input Jitter      (TIJ):    0.000ns
    Discrete Jitter          (DJ):    0.000ns
    Phase Error              (PE):    0.000ns

    Location             Delay type                Incr(ns)  Path(ns)    Netlist Resource(s)
  -------------------------------------------------------------------    -------------------
                         (clock sys_clk_pin rise edge)
                                                      0.000     0.000 r  
    K17                                               0.000     0.000 r  clk (IN)
                         net (fo=0)                   0.000     0.000    clk
    K17                  IBUF (Prop_ibuf_I_O)         1.492     1.492 r  clk_IBUF_inst/O
                         net (fo=1, routed)           2.076     3.568    clk_IBUF
    BUFGCTRL_X0Y16       BUFG (Prop_bufg_I_O)         0.101     3.669 r  clk_IBUF_BUFG_inst/O
                         net (fo=80, routed)          1.739     5.408    C0/clk_IBUF_BUFG
    SLICE_X37Y50         FDRE                                         r  C0/sclk_reg[5]/C
  -------------------------------------------------------------------    -------------------
    SLICE_X37Y50         FDRE (Prop_fdre_C_Q)         0.419     5.827 f  C0/sclk_reg[5]/Q
                         net (fo=9, routed)           1.141     6.968    C0/sclk_reg_n_0_[5]
    SLICE_X40Y49         LUT4 (Prop_lut4_I0_O)        0.299     7.267 f  C0/sclk[17]_i_3/O
                         net (fo=15, routed)          1.156     8.423    C0/sclk[17]_i_3_n_0
    SLICE_X41Y50         LUT4 (Prop_lut4_I0_O)        0.152     8.575 r  C0/DetectedDigit[3]_i_11/O
                         net (fo=2, routed)           0.307     8.881    C0/DetectedDigit[3]_i_11_n_0
    SLICE_X41Y51         LUT4 (Prop_lut4_I1_O)        0.326     9.207 r  C0/DetectedDigit[2]_i_9/O
                         net (fo=2, routed)           0.507     9.714    C0/DetectedDigit[2]_i_9_n_0
    SLICE_X40Y51         LUT6 (Prop_lut6_I5_O)        0.124     9.838 r  C0/DetectedDigit[2]_i_2/O
                         net (fo=2, routed)           0.634    10.472    C0/p_1_in[2]
    SLICE_X40Y51         LUT6 (Prop_lut6_I1_O)        0.124    10.596 r  C0/DetectedDigit[0]_i_1/O
                         net (fo=1, routed)           0.000    10.596    C0/DetectedDigit[0]_i_1_n_0
    SLICE_X40Y51         FDRE                                         r  C0/DetectedDigit_reg[0]/D
  -------------------------------------------------------------------    -------------------

                         (clock sys_clk_pin rise edge)
                                                      8.000     8.000 r  
    K17                                               0.000     8.000 r  clk (IN)
                         net (fo=0)                   0.000     8.000    clk
    K17                  IBUF (Prop_ibuf_I_O)         1.421     9.421 r  clk_IBUF_inst/O
                         net (fo=1, routed)           1.880    11.301    clk_IBUF
    BUFGCTRL_X0Y16       BUFG (Prop_bufg_I_O)         0.091    11.392 r  clk_IBUF_BUFG_inst/O
                         net (fo=80, routed)          1.564    12.956    C0/clk_IBUF_BUFG
    SLICE_X40Y51         FDRE                                         r  C0/DetectedDigit_reg[0]/C
                         clock pessimism              0.391    13.347    
                         clock uncertainty           -0.035    13.311    
    SLICE_X40Y51         FDRE (Setup_fdre_C_D)        0.031    13.342    C0/DetectedDigit_reg[0]
  -------------------------------------------------------------------
                         required time                         13.342    
                         arrival time                         -10.596    
  -------------------------------------------------------------------
                         slack                                  2.746    

Slack (MET) :             2.813ns  (required time - arrival time)
  Source:                 C0/sclk_reg[16]/C
                            (rising edge-triggered cell FDRE clocked by sys_clk_pin  {rise@0.000ns fall@4.000ns period=8.000ns})
  Destination:            C0/sclk_reg[12]/D
                            (rising edge-triggered cell FDRE clocked by sys_clk_pin  {rise@0.000ns fall@4.000ns period=8.000ns})
  Path Group:             sys_clk_pin
  Path Type:              Setup (Max at Slow Process Corner)
  Requirement:            8.000ns  (sys_clk_pin rise@8.000ns - sys_clk_pin rise@0.000ns)
  Data Path Delay:        5.022ns  (logic 1.550ns (30.862%)  route 3.472ns (69.138%))
  Logic Levels:           4  (LUT3=1 LUT4=1 LUT5=2)
  Clock Path Skew:        -0.159ns (DCD - SCD + CPR)
    Destination Clock Delay (DCD):    4.973ns = ( 12.972 - 8.000 ) 
    Source Clock Delay      (SCD):    5.408ns
    Clock Pessimism Removal (CPR):    0.277ns
  Clock Uncertainty:      0.035ns  ((TSJ^2 + TIJ^2)^1/2 + DJ) / 2 + PE
    Total System Jitter     (TSJ):    0.071ns
    Total Input Jitter      (TIJ):    0.000ns
    Discrete Jitter          (DJ):    0.000ns
    Phase Error              (PE):    0.000ns

    Location             Delay type                Incr(ns)  Path(ns)    Netlist Resource(s)
  -------------------------------------------------------------------    -------------------
                         (clock sys_clk_pin rise edge)
                                                      0.000     0.000 r  
    K17                                               0.000     0.000 r  clk (IN)
                         net (fo=0)                   0.000     0.000    clk
    K17                  IBUF (Prop_ibuf_I_O)         1.492     1.492 r  clk_IBUF_inst/O
                         net (fo=1, routed)           2.076     3.568    clk_IBUF
    BUFGCTRL_X0Y16       BUFG (Prop_bufg_I_O)         0.101     3.669 r  clk_IBUF_BUFG_inst/O
                         net (fo=80, routed)          1.739     5.408    C0/clk_IBUF_BUFG
    SLICE_X39Y50         FDRE                                         r  C0/sclk_reg[16]/C
  -------------------------------------------------------------------    -------------------
    SLICE_X39Y50         FDRE (Prop_fdre_C_Q)         0.419     5.827 f  C0/sclk_reg[16]/Q
                         net (fo=12, routed)          0.894     6.720    C0/sclk_reg_n_0_[16]
    SLICE_X40Y50         LUT4 (Prop_lut4_I1_O)        0.327     7.047 f  C0/sclk[17]_i_8/O
                         net (fo=8, routed)           1.021     8.068    C0/sclk[17]_i_8_n_0
    SLICE_X41Y49         LUT5 (Prop_lut5_I4_O)        0.354     8.422 r  C0/sclk[9]_i_2/O
                         net (fo=6, routed)           0.713     9.135    C0/sclk[9]_i_2_n_0
    SLICE_X40Y49         LUT5 (Prop_lut5_I1_O)        0.326     9.461 r  C0/sclk[18]_i_2/O
                         net (fo=2, routed)           0.846    10.306    C0/sclk[18]_i_2_n_0
    SLICE_X40Y49         LUT3 (Prop_lut3_I0_O)        0.124    10.430 r  C0/sclk[12]_i_1/O
                         net (fo=1, routed)           0.000    10.430    C0/sclk[12]_i_1_n_0
    SLICE_X40Y49         FDRE                                         r  C0/sclk_reg[12]/D
  -------------------------------------------------------------------    -------------------

                         (clock sys_clk_pin rise edge)
                                                      8.000     8.000 r  
    K17                                               0.000     8.000 r  clk (IN)
                         net (fo=0)                   0.000     8.000    clk
    K17                  IBUF (Prop_ibuf_I_O)         1.421     9.421 r  clk_IBUF_inst/O
                         net (fo=1, routed)           1.880    11.301    clk_IBUF
    BUFGCTRL_X0Y16       BUFG (Prop_bufg_I_O)         0.091    11.392 r  clk_IBUF_BUFG_inst/O
                         net (fo=80, routed)          1.580    12.972    C0/clk_IBUF_BUFG
    SLICE_X40Y49         FDRE                                         r  C0/sclk_reg[12]/C
                         clock pessimism              0.277    13.249    
                         clock uncertainty           -0.035    13.214    
    SLICE_X40Y49         FDRE (Setup_fdre_C_D)        0.029    13.243    C0/sclk_reg[12]
  -------------------------------------------------------------------
                         required time                         13.243    
                         arrival time                         -10.430    
  -------------------------------------------------------------------
                         slack                                  2.813    

Slack (MET) :             2.818ns  (required time - arrival time)
  Source:                 C0/sclk_reg[5]/C
                            (rising edge-triggered cell FDRE clocked by sys_clk_pin  {rise@0.000ns fall@4.000ns period=8.000ns})
  Destination:            C0/DetectedDigit_reg[2]/D
                            (rising edge-triggered cell FDRE clocked by sys_clk_pin  {rise@0.000ns fall@4.000ns period=8.000ns})
  Path Group:             sys_clk_pin
  Path Type:              Setup (Max at Slow Process Corner)
  Requirement:            8.000ns  (sys_clk_pin rise@8.000ns - sys_clk_pin rise@0.000ns)
  Data Path Delay:        5.163ns  (logic 1.444ns (27.970%)  route 3.719ns (72.030%))
  Logic Levels:           5  (LUT4=3 LUT6=2)
  Clock Path Skew:        -0.061ns (DCD - SCD + CPR)
    Destination Clock Delay (DCD):    4.956ns = ( 12.956 - 8.000 ) 
    Source Clock Delay      (SCD):    5.408ns
    Clock Pessimism Removal (CPR):    0.391ns
  Clock Uncertainty:      0.035ns  ((TSJ^2 + TIJ^2)^1/2 + DJ) / 2 + PE
    Total System Jitter     (TSJ):    0.071ns
    Total Input Jitter      (TIJ):    0.000ns
    Discrete Jitter          (DJ):    0.000ns
    Phase Error              (PE):    0.000ns

    Location             Delay type                Incr(ns)  Path(ns)    Netlist Resource(s)
  -------------------------------------------------------------------    -------------------
                         (clock sys_clk_pin rise edge)
                                                      0.000     0.000 r  
    K17                                               0.000     0.000 r  clk (IN)
                         net (fo=0)                   0.000     0.000    clk
    K17                  IBUF (Prop_ibuf_I_O)         1.492     1.492 r  clk_IBUF_inst/O
                         net (fo=1, routed)           2.076     3.568    clk_IBUF
    BUFGCTRL_X0Y16       BUFG (Prop_bufg_I_O)         0.101     3.669 r  clk_IBUF_BUFG_inst/O
                         net (fo=80, routed)          1.739     5.408    C0/clk_IBUF_BUFG
    SLICE_X37Y50         FDRE                                         r  C0/sclk_reg[5]/C
  -------------------------------------------------------------------    -------------------
    SLICE_X37Y50         FDRE (Prop_fdre_C_Q)         0.419     5.827 f  C0/sclk_reg[5]/Q
                         net (fo=9, routed)           1.141     6.968    C0/sclk_reg_n_0_[5]
    SLICE_X40Y49         LUT4 (Prop_lut4_I0_O)        0.299     7.267 f  C0/sclk[17]_i_3/O
                         net (fo=15, routed)          1.156     8.423    C0/sclk[17]_i_3_n_0
    SLICE_X41Y50         LUT4 (Prop_lut4_I0_O)        0.152     8.575 r  C0/DetectedDigit[3]_i_11/O
                         net (fo=2, routed)           0.307     8.881    C0/DetectedDigit[3]_i_11_n_0
    SLICE_X41Y51         LUT4 (Prop_lut4_I1_O)        0.326     9.207 r  C0/DetectedDigit[2]_i_9/O
                         net (fo=2, routed)           0.507     9.714    C0/DetectedDigit[2]_i_9_n_0
    SLICE_X40Y51         LUT6 (Prop_lut6_I5_O)        0.124     9.838 r  C0/DetectedDigit[2]_i_2/O
                         net (fo=2, routed)           0.608    10.446    C0/p_1_in[2]
    SLICE_X42Y51         LUT6 (Prop_lut6_I1_O)        0.124    10.570 r  C0/DetectedDigit[2]_i_1/O
                         net (fo=1, routed)           0.000    10.570    C0/DetectedDigit[2]_i_1_n_0
    SLICE_X42Y51         FDRE                                         r  C0/DetectedDigit_reg[2]/D
  -------------------------------------------------------------------    -------------------

                         (clock sys_clk_pin rise edge)
                                                      8.000     8.000 r  
    K17                                               0.000     8.000 r  clk (IN)
                         net (fo=0)                   0.000     8.000    clk
    K17                  IBUF (Prop_ibuf_I_O)         1.421     9.421 r  clk_IBUF_inst/O
                         net (fo=1, routed)           1.880    11.301    clk_IBUF
    BUFGCTRL_X0Y16       BUFG (Prop_bufg_I_O)         0.091    11.392 r  clk_IBUF_BUFG_inst/O
                         net (fo=80, routed)          1.564    12.956    C0/clk_IBUF_BUFG
    SLICE_X42Y51         FDRE                                         r  C0/DetectedDigit_reg[2]/C
                         clock pessimism              0.391    13.347    
                         clock uncertainty           -0.035    13.311    
    SLICE_X42Y51         FDRE (Setup_fdre_C_D)        0.077    13.388    C0/DetectedDigit_reg[2]
  -------------------------------------------------------------------
                         required time                         13.388    
                         arrival time                         -10.570    
  -------------------------------------------------------------------
                         slack                                  2.818    

Slack (MET) :             2.831ns  (required time - arrival time)
  Source:                 C0/sclk_reg[16]/C
                            (rising edge-triggered cell FDRE clocked by sys_clk_pin  {rise@0.000ns fall@4.000ns period=8.000ns})
  Destination:            C0/sclk_reg[18]/D
                            (rising edge-triggered cell FDRE clocked by sys_clk_pin  {rise@0.000ns fall@4.000ns period=8.000ns})
  Path Group:             sys_clk_pin
  Path Type:              Setup (Max at Slow Process Corner)
  Requirement:            8.000ns  (sys_clk_pin rise@8.000ns - sys_clk_pin rise@0.000ns)
  Data Path Delay:        5.050ns  (logic 1.578ns (31.246%)  route 3.472ns (68.754%))
  Logic Levels:           4  (LUT3=1 LUT4=1 LUT5=2)
  Clock Path Skew:        -0.159ns (DCD - SCD + CPR)
    Destination Clock Delay (DCD):    4.973ns = ( 12.972 - 8.000 ) 
    Source Clock Delay      (SCD):    5.408ns
    Clock Pessimism Removal (CPR):    0.277ns
  Clock Uncertainty:      0.035ns  ((TSJ^2 + TIJ^2)^1/2 + DJ) / 2 + PE
    Total System Jitter     (TSJ):    0.071ns
    Total Input Jitter      (TIJ):    0.000ns
    Discrete Jitter          (DJ):    0.000ns
    Phase Error              (PE):    0.000ns

    Location             Delay type                Incr(ns)  Path(ns)    Netlist Resource(s)
  -------------------------------------------------------------------    -------------------
                         (clock sys_clk_pin rise edge)
                                                      0.000     0.000 r  
    K17                                               0.000     0.000 r  clk (IN)
                         net (fo=0)                   0.000     0.000    clk
    K17                  IBUF (Prop_ibuf_I_O)         1.492     1.492 r  clk_IBUF_inst/O
                         net (fo=1, routed)           2.076     3.568    clk_IBUF
    BUFGCTRL_X0Y16       BUFG (Prop_bufg_I_O)         0.101     3.669 r  clk_IBUF_BUFG_inst/O
                         net (fo=80, routed)          1.739     5.408    C0/clk_IBUF_BUFG
    SLICE_X39Y50         FDRE                                         r  C0/sclk_reg[16]/C
  -------------------------------------------------------------------    -------------------
    SLICE_X39Y50         FDRE (Prop_fdre_C_Q)         0.419     5.827 f  C0/sclk_reg[16]/Q
                         net (fo=12, routed)          0.894     6.720    C0/sclk_reg_n_0_[16]
    SLICE_X40Y50         LUT4 (Prop_lut4_I1_O)        0.327     7.047 f  C0/sclk[17]_i_8/O
                         net (fo=8, routed)           1.021     8.068    C0/sclk[17]_i_8_n_0
    SLICE_X41Y49         LUT5 (Prop_lut5_I4_O)        0.354     8.422 r  C0/sclk[9]_i_2/O
                         net (fo=6, routed)           0.713     9.135    C0/sclk[9]_i_2_n_0
    SLICE_X40Y49         LUT5 (Prop_lut5_I1_O)        0.326     9.461 r  C0/sclk[18]_i_2/O
                         net (fo=2, routed)           0.846    10.306    C0/sclk[18]_i_2_n_0
    SLICE_X40Y49         LUT3 (Prop_lut3_I0_O)        0.152    10.458 r  C0/sclk[18]_i_1/O
                         net (fo=1, routed)           0.000    10.458    C0/sclk[18]_i_1_n_0
    SLICE_X40Y49         FDRE                                         r  C0/sclk_reg[18]/D
  -------------------------------------------------------------------    -------------------

                         (clock sys_clk_pin rise edge)
                                                      8.000     8.000 r  
    K17                                               0.000     8.000 r  clk (IN)
                         net (fo=0)                   0.000     8.000    clk
    K17                  IBUF (Prop_ibuf_I_O)         1.421     9.421 r  clk_IBUF_inst/O
                         net (fo=1, routed)           1.880    11.301    clk_IBUF
    BUFGCTRL_X0Y16       BUFG (Prop_bufg_I_O)         0.091    11.392 r  clk_IBUF_BUFG_inst/O
                         net (fo=80, routed)          1.580    12.972    C0/clk_IBUF_BUFG
    SLICE_X40Y49         FDRE                                         r  C0/sclk_reg[18]/C
                         clock pessimism              0.277    13.249    
                         clock uncertainty           -0.035    13.214    
    SLICE_X40Y49         FDRE (Setup_fdre_C_D)        0.075    13.289    C0/sclk_reg[18]
  -------------------------------------------------------------------
                         required time                         13.289    
                         arrival time                         -10.458    
  -------------------------------------------------------------------
                         slack                                  2.831    

Slack (MET) :             2.925ns  (required time - arrival time)
  Source:                 C0/sclk_reg[18]/C
                            (rising edge-triggered cell FDRE clocked by sys_clk_pin  {rise@0.000ns fall@4.000ns period=8.000ns})
  Destination:            C0/DetectedDigit_reg[1]/D
                            (rising edge-triggered cell FDRE clocked by sys_clk_pin  {rise@0.000ns fall@4.000ns period=8.000ns})
  Path Group:             sys_clk_pin
  Path Type:              Setup (Max at Slow Process Corner)
  Requirement:            8.000ns  (sys_clk_pin rise@8.000ns - sys_clk_pin rise@0.000ns)
  Data Path Delay:        4.874ns  (logic 1.450ns (29.749%)  route 3.424ns (70.251%))
  Logic Levels:           5  (LUT5=1 LUT6=4)
  Clock Path Skew:        -0.194ns (DCD - SCD + CPR)
    Destination Clock Delay (DCD):    4.956ns = ( 12.956 - 8.000 ) 
    Source Clock Delay      (SCD):    5.427ns
    Clock Pessimism Removal (CPR):    0.277ns
  Clock Uncertainty:      0.035ns  ((TSJ^2 + TIJ^2)^1/2 + DJ) / 2 + PE
    Total System Jitter     (TSJ):    0.071ns
    Total Input Jitter      (TIJ):    0.000ns
    Discrete Jitter          (DJ):    0.000ns
    Phase Error              (PE):    0.000ns

    Location             Delay type                Incr(ns)  Path(ns)    Netlist Resource(s)
  -------------------------------------------------------------------    -------------------
                         (clock sys_clk_pin rise edge)
                                                      0.000     0.000 r  
    K17                                               0.000     0.000 r  clk (IN)
                         net (fo=0)                   0.000     0.000    clk
    K17                  IBUF (Prop_ibuf_I_O)         1.492     1.492 r  clk_IBUF_inst/O
                         net (fo=1, routed)           2.076     3.568    clk_IBUF
    BUFGCTRL_X0Y16       BUFG (Prop_bufg_I_O)         0.101     3.669 r  clk_IBUF_BUFG_inst/O
                         net (fo=80, routed)          1.758     5.427    C0/clk_IBUF_BUFG
    SLICE_X40Y49         FDRE                                         r  C0/sclk_reg[18]/C
  -------------------------------------------------------------------    -------------------
    SLICE_X40Y49         FDRE (Prop_fdre_C_Q)         0.419     5.846 f  C0/sclk_reg[18]/Q
                         net (fo=12, routed)          1.202     7.048    C0/sclk_reg_n_0_[18]
    SLICE_X41Y52         LUT6 (Prop_lut6_I1_O)        0.299     7.347 r  C0/Col[3]_i_4/O
                         net (fo=9, routed)           0.681     8.028    C0/Col[3]_i_4_n_0
    SLICE_X39Y52         LUT5 (Prop_lut5_I4_O)        0.152     8.180 f  C0/DetectedDigit[1]_i_3/O
                         net (fo=6, routed)           0.460     8.640    C0/DetectedDigit[1]_i_3_n_0
    SLICE_X43Y52         LUT6 (Prop_lut6_I2_O)        0.332     8.972 r  C0/DetectedDigit[1]_i_4/O
                         net (fo=1, routed)           0.648     9.620    C0/DetectedDigit[1]_i_4_n_0
    SLICE_X43Y52         LUT6 (Prop_lut6_I0_O)        0.124     9.744 r  C0/DetectedDigit[1]_i_2/O
                         net (fo=1, routed)           0.433    10.177    C0/DetectedDigit[1]_i_2_n_0
    SLICE_X43Y52         LUT6 (Prop_lut6_I4_O)        0.124    10.301 r  C0/DetectedDigit[1]_i_1/O
                         net (fo=1, routed)           0.000    10.301    C0/DetectedDigit[1]_i_1_n_0
    SLICE_X43Y52         FDRE                                         r  C0/DetectedDigit_reg[1]/D
  -------------------------------------------------------------------    -------------------

                         (clock sys_clk_pin rise edge)
                                                      8.000     8.000 r  
    K17                                               0.000     8.000 r  clk (IN)
                         net (fo=0)                   0.000     8.000    clk
    K17                  IBUF (Prop_ibuf_I_O)         1.421     9.421 r  clk_IBUF_inst/O
                         net (fo=1, routed)           1.880    11.301    clk_IBUF
    BUFGCTRL_X0Y16       BUFG (Prop_bufg_I_O)         0.091    11.392 r  clk_IBUF_BUFG_inst/O
                         net (fo=80, routed)          1.564    12.956    C0/clk_IBUF_BUFG
    SLICE_X43Y52         FDRE                                         r  C0/DetectedDigit_reg[1]/C
                         clock pessimism              0.277    13.232    
                         clock uncertainty           -0.035    13.197    
    SLICE_X43Y52         FDRE (Setup_fdre_C_D)        0.029    13.226    C0/DetectedDigit_reg[1]
  -------------------------------------------------------------------
                         required time                         13.226    
                         arrival time                         -10.301    
  -------------------------------------------------------------------
                         slack                                  2.925    

Slack (MET) :             2.955ns  (required time - arrival time)
  Source:                 C0/sclk_reg[12]/C
                            (rising edge-triggered cell FDRE clocked by sys_clk_pin  {rise@0.000ns fall@4.000ns period=8.000ns})
  Destination:            C0/KeyHeld_reg/D
                            (rising edge-triggered cell FDRE clocked by sys_clk_pin  {rise@0.000ns fall@4.000ns period=8.000ns})
  Path Group:             sys_clk_pin
  Path Type:              Setup (Max at Slow Process Corner)
  Requirement:            8.000ns  (sys_clk_pin rise@8.000ns - sys_clk_pin rise@0.000ns)
  Data Path Delay:        4.846ns  (logic 1.410ns (29.099%)  route 3.436ns (70.901%))
  Logic Levels:           4  (LUT3=1 LUT4=1 LUT5=2)
  Clock Path Skew:        -0.195ns (DCD - SCD + CPR)
    Destination Clock Delay (DCD):    4.955ns = ( 12.955 - 8.000 ) 
    Source Clock Delay      (SCD):    5.427ns
    Clock Pessimism Removal (CPR):    0.277ns
  Clock Uncertainty:      0.035ns  ((TSJ^2 + TIJ^2)^1/2 + DJ) / 2 + PE
    Total System Jitter     (TSJ):    0.071ns
    Total Input Jitter      (TIJ):    0.000ns
    Discrete Jitter          (DJ):    0.000ns
    Phase Error              (PE):    0.000ns

    Location             Delay type                Incr(ns)  Path(ns)    Netlist Resource(s)
  -------------------------------------------------------------------    -------------------
                         (clock sys_clk_pin rise edge)
                                                      0.000     0.000 r  
    K17                                               0.000     0.000 r  clk (IN)
                         net (fo=0)                   0.000     0.000    clk
    K17                  IBUF (Prop_ibuf_I_O)         1.492     1.492 r  clk_IBUF_inst/O
                         net (fo=1, routed)           2.076     3.568    clk_IBUF
    BUFGCTRL_X0Y16       BUFG (Prop_bufg_I_O)         0.101     3.669 r  clk_IBUF_BUFG_inst/O
                         net (fo=80, routed)          1.758     5.427    C0/clk_IBUF_BUFG
    SLICE_X40Y49         FDRE                                         r  C0/sclk_reg[12]/C
  -------------------------------------------------------------------    -------------------
    SLICE_X40Y49         FDRE (Prop_fdre_C_Q)         0.456     5.883 r  C0/sclk_reg[12]/Q
                         net (fo=12, routed)          0.984     6.866    C0/sclk_reg_n_0_[12]
    SLICE_X40Y50         LUT4 (Prop_lut4_I0_O)        0.150     7.016 f  C0/sclk[17]_i_8/O
                         net (fo=8, routed)           1.021     8.037    C0/sclk[17]_i_8_n_0
    SLICE_X41Y49         LUT5 (Prop_lut5_I4_O)        0.354     8.391 r  C0/sclk[9]_i_2/O
                         net (fo=6, routed)           0.607     8.998    C0/sclk[9]_i_2_n_0
    SLICE_X37Y51         LUT5 (Prop_lut5_I4_O)        0.326     9.324 r  C0/DecodeOut[3]_i_1/O
                         net (fo=6, routed)           0.825    10.148    C0/DecodeOut[3]_i_1_n_0
    SLICE_X36Y51         LUT3 (Prop_lut3_I2_O)        0.124    10.272 r  C0/KeyHeld_i_1/O
                         net (fo=1, routed)           0.000    10.272    C0/KeyHeld_i_1_n_0
    SLICE_X36Y51         FDRE                                         r  C0/KeyHeld_reg/D
  -------------------------------------------------------------------    -------------------

                         (clock sys_clk_pin rise edge)
                                                      8.000     8.000 r  
    K17                                               0.000     8.000 r  clk (IN)
                         net (fo=0)                   0.000     8.000    clk
    K17                  IBUF (Prop_ibuf_I_O)         1.421     9.421 r  clk_IBUF_inst/O
                         net (fo=1, routed)           1.880    11.301    clk_IBUF
    BUFGCTRL_X0Y16       BUFG (Prop_bufg_I_O)         0.091    11.392 r  clk_IBUF_BUFG_inst/O
                         net (fo=80, routed)          1.563    12.955    C0/clk_IBUF_BUFG
    SLICE_X36Y51         FDRE                                         r  C0/KeyHeld_reg/C
                         clock pessimism              0.277    13.231    
                         clock uncertainty           -0.035    13.196    
    SLICE_X36Y51         FDRE (Setup_fdre_C_D)        0.031    13.227    C0/KeyHeld_reg
  -------------------------------------------------------------------
                         required time                         13.227    
                         arrival time                         -10.272    
  -------------------------------------------------------------------
                         slack                                  2.955    

Slack (MET) :             2.961ns  (required time - arrival time)
  Source:                 C0/sclk_reg[16]/C
                            (rising edge-triggered cell FDRE clocked by sys_clk_pin  {rise@0.000ns fall@4.000ns period=8.000ns})
  Destination:            C0/sclk_reg[6]/D
                            (rising edge-triggered cell FDRE clocked by sys_clk_pin  {rise@0.000ns fall@4.000ns period=8.000ns})
  Path Group:             sys_clk_pin
  Path Type:              Setup (Max at Slow Process Corner)
  Requirement:            8.000ns  (sys_clk_pin rise@8.000ns - sys_clk_pin rise@0.000ns)
  Data Path Delay:        4.875ns  (logic 1.326ns (27.198%)  route 3.549ns (72.802%))
  Logic Levels:           4  (LUT4=2 LUT5=1 LUT6=1)
  Clock Path Skew:        -0.160ns (DCD - SCD + CPR)
    Destination Clock Delay (DCD):    4.971ns = ( 12.972 - 8.000 ) 
    Source Clock Delay      (SCD):    5.408ns
    Clock Pessimism Removal (CPR):    0.277ns
  Clock Uncertainty:      0.035ns  ((TSJ^2 + TIJ^2)^1/2 + DJ) / 2 + PE
    Total System Jitter     (TSJ):    0.071ns
    Total Input Jitter      (TIJ):    0.000ns
    Discrete Jitter          (DJ):    0.000ns
    Phase Error              (PE):    0.000ns

    Location             Delay type                Incr(ns)  Path(ns)    Netlist Resource(s)
  -------------------------------------------------------------------    -------------------
                         (clock sys_clk_pin rise edge)
                                                      0.000     0.000 r  
    K17                                               0.000     0.000 r  clk (IN)
                         net (fo=0)                   0.000     0.000    clk
    K17                  IBUF (Prop_ibuf_I_O)         1.492     1.492 r  clk_IBUF_inst/O
                         net (fo=1, routed)           2.076     3.568    clk_IBUF
    BUFGCTRL_X0Y16       BUFG (Prop_bufg_I_O)         0.101     3.669 r  clk_IBUF_BUFG_inst/O
                         net (fo=80, routed)          1.739     5.408    C0/clk_IBUF_BUFG
    SLICE_X39Y50         FDRE                                         r  C0/sclk_reg[16]/C
  -------------------------------------------------------------------    -------------------
    SLICE_X39Y50         FDRE (Prop_fdre_C_Q)         0.419     5.827 r  C0/sclk_reg[16]/Q
                         net (fo=12, routed)          0.894     6.720    C0/sclk_reg_n_0_[16]
    SLICE_X40Y50         LUT4 (Prop_lut4_I0_O)        0.299     7.019 f  C0/DetectedDigit[3]_i_6/O
                         net (fo=8, routed)           1.069     8.089    C0/DetectedDigit[3]_i_6_n_0
    SLICE_X40Y50         LUT5 (Prop_lut5_I4_O)        0.152     8.241 r  C0/Col[2]_i_2/O
                         net (fo=3, routed)           0.608     8.849    C0/Col[2]_i_2_n_0
    SLICE_X39Y50         LUT6 (Prop_lut6_I5_O)        0.332     9.181 f  C0/Col[2]_i_1/O
                         net (fo=4, routed)           0.978    10.159    C0/Col[2]_i_1_n_0
    SLICE_X39Y49         LUT4 (Prop_lut4_I0_O)        0.124    10.283 r  C0/sclk[6]_i_1/O
                         net (fo=1, routed)           0.000    10.283    C0/sclk[6]_i_1_n_0
    SLICE_X39Y49         FDRE                                         r  C0/sclk_reg[6]/D
  -------------------------------------------------------------------    -------------------

                         (clock sys_clk_pin rise edge)
                                                      8.000     8.000 r  
    K17                                               0.000     8.000 r  clk (IN)
                         net (fo=0)                   0.000     8.000    clk
    K17                  IBUF (Prop_ibuf_I_O)         1.421     9.421 r  clk_IBUF_inst/O
                         net (fo=1, routed)           1.880    11.301    clk_IBUF
    BUFGCTRL_X0Y16       BUFG (Prop_bufg_I_O)         0.091    11.392 r  clk_IBUF_BUFG_inst/O
                         net (fo=80, routed)          1.579    12.971    C0/clk_IBUF_BUFG
    SLICE_X39Y49         FDRE                                         r  C0/sclk_reg[6]/C
                         clock pessimism              0.277    13.248    
                         clock uncertainty           -0.035    13.213    
    SLICE_X39Y49         FDRE (Setup_fdre_C_D)        0.031    13.244    C0/sclk_reg[6]
  -------------------------------------------------------------------
                         required time                         13.244    
                         arrival time                         -10.283    
  -------------------------------------------------------------------
                         slack                                  2.961    

Slack (MET) :             2.971ns  (required time - arrival time)
  Source:                 C0/sclk_reg[12]/C
                            (rising edge-triggered cell FDRE clocked by sys_clk_pin  {rise@0.000ns fall@4.000ns period=8.000ns})
  Destination:            C0/KeyValid_reg/D
                            (rising edge-triggered cell FDRE clocked by sys_clk_pin  {rise@0.000ns fall@4.000ns period=8.000ns})
  Path Group:             sys_clk_pin
  Path Type:              Setup (Max at Slow Process Corner)
  Requirement:            8.000ns  (sys_clk_pin rise@8.000ns - sys_clk_pin rise@0.000ns)
  Data Path Delay:        4.874ns  (logic 1.438ns (29.506%)  route 3.436ns (70.494%))
  Logic Levels:           4  (LUT3=1 LUT4=1 LUT5=2)
  Clock Path Skew:        -0.195ns (DCD - SCD + CPR)
    Destination Clock Delay (DCD):    4.955ns = ( 12.955 - 8.000 ) 
    Source Clock Delay      (SCD):    5.427ns
    Clock Pessimism Removal (CPR):    0.277ns
  Clock Uncertainty:      0.035ns  ((TSJ^2 + TIJ^2)^1/2 + DJ) / 2 + PE
    Total System Jitter     (TSJ):    0.071ns
    Total Input Jitter      (TIJ):    0.000ns
    Discrete Jitter          (DJ):    0.000ns
    Phase Error              (PE):    0.000ns

    Location             Delay type                Incr(ns)  Path(ns)    Netlist Resource(s)
  -------------------------------------------------------------------    -------------------
                         (clock sys_clk_pin rise edge)
                                                      0.000     0.000 r  
    K17                                               0.000     0.000 r  clk (IN)
                         net (fo=0)                   0.000     0.000    clk
    K17                  IBUF (Prop_ibuf_I_O)         1.492     1.492 r  clk_IBUF_inst/O
                         net (fo=1, routed)           2.076     3.568    clk_IBUF
    BUFGCTRL_X0Y16       BUFG (Prop_bufg_I_O)         0.101     3.669 r  clk_IBUF_BUFG_inst/O
                         net (fo=80, routed)          1.758     5.427    C0/clk_IBUF_BUFG
    SLICE_X40Y49         FDRE                                         r  C0/sclk_reg[12]/C
  -------------------------------------------------------------------    -------------------
    SLICE_X40Y49         FDRE (Prop_fdre_C_Q)         0.456     5.883 r  C0/sclk_reg[12]/Q
                         net (fo=12, routed)          0.984     6.866    C0/sclk_reg_n_0_[12]
    SLICE_X40Y50         LUT4 (Prop_lut4_I0_O)        0.150     7.016 f  C0/sclk[17]_i_8/O
                         net (fo=8, routed)           1.021     8.037    C0/sclk[17]_i_8_n_0
    SLICE_X41Y49         LUT5 (Prop_lut5_I4_O)        0.354     8.391 r  C0/sclk[9]_i_2/O
                         net (fo=6, routed)           0.607     8.998    C0/sclk[9]_i_2_n_0
    SLICE_X37Y51         LUT5 (Prop_lut5_I4_O)        0.326     9.324 r  C0/DecodeOut[3]_i_1/O
                         net (fo=6, routed)           0.825    10.148    C0/DecodeOut[3]_i_1_n_0
    SLICE_X36Y51         LUT3 (Prop_lut3_I2_O)        0.152    10.300 r  C0/KeyValid_i_1/O
                         net (fo=1, routed)           0.000    10.300    C0/KeyValid_i_1_n_0
    SLICE_X36Y51         FDRE                                         r  C0/KeyValid_reg/D
  -------------------------------------------------------------------    -------------------

                         (clock sys_clk_pin rise edge)
                                                      8.000     8.000 r  
    K17                                               0.000     8.000 r  clk (IN)
                         net (fo=0)                   0.000     8.000    clk
    K17                  IBUF (Prop_ibuf_I_O)         1.421     9.421 r  clk_IBUF_inst/O
                         net (fo=1, routed)           1.880    11.301    clk_IBUF
    BUFGCTRL_X0Y16       BUFG (Prop_bufg_I_O)         0.091    11.392 r  clk_IBUF_BUFG_inst/O
                         net (fo=80, routed)          1.563    12.955    C0/clk_IBUF_BUFG
    SLICE_X36Y51         FDRE                                         r  C0/KeyValid_reg/C
                         clock pessimism              0.277    13.231    
                         clock uncertainty           -0.035    13.196    
    SLICE_X36Y51         FDRE (Setup_fdre_C_D)        0.075    13.271    C0/KeyValid_reg
  -------------------------------------------------------------------
                         required time                         13.271    
                         arrival time                         -10.300    
  -------------------------------------------------------------------
                         slack                                  2.971    

Slack (MET) :             2.977ns  (required time - arrival time)
  Source:                 C0/sclk_reg[16]/C
                            (rising edge-triggered cell FDRE clocked by sys_clk_pin  {rise@0.000ns fall@4.000ns period=8.000ns})
  Destination:            C0/sclk_reg[8]/D
                            (rising edge-triggered cell FDRE clocked by sys_clk_pin  {rise@0.000ns fall@4.000ns period=8.000ns})
  Path Group:             sys_clk_pin
  Path Type:              Setup (Max at Slow Process Corner)
  Requirement:            8.000ns  (sys_clk_pin rise@8.000ns - sys_clk_pin rise@0.000ns)
  Data Path Delay:        4.903ns  (logic 1.354ns (27.614%)  route 3.549ns (72.386%))
  Logic Levels:           4  (LUT4=2 LUT5=1 LUT6=1)
  Clock Path Skew:        -0.160ns (DCD - SCD + CPR)
    Destination Clock Delay (DCD):    4.971ns = ( 12.972 - 8.000 ) 
    Source Clock Delay      (SCD):    5.408ns
    Clock Pessimism Removal (CPR):    0.277ns
  Clock Uncertainty:      0.035ns  ((TSJ^2 + TIJ^2)^1/2 + DJ) / 2 + PE
    Total System Jitter     (TSJ):    0.071ns
    Total Input Jitter      (TIJ):    0.000ns
    Discrete Jitter          (DJ):    0.000ns
    Phase Error              (PE):    0.000ns

    Location             Delay type                Incr(ns)  Path(ns)    Netlist Resource(s)
  -------------------------------------------------------------------    -------------------
                         (clock sys_clk_pin rise edge)
                                                      0.000     0.000 r  
    K17                                               0.000     0.000 r  clk (IN)
                         net (fo=0)                   0.000     0.000    clk
    K17                  IBUF (Prop_ibuf_I_O)         1.492     1.492 r  clk_IBUF_inst/O
                         net (fo=1, routed)           2.076     3.568    clk_IBUF
    BUFGCTRL_X0Y16       BUFG (Prop_bufg_I_O)         0.101     3.669 r  clk_IBUF_BUFG_inst/O
                         net (fo=80, routed)          1.739     5.408    C0/clk_IBUF_BUFG
    SLICE_X39Y50         FDRE                                         r  C0/sclk_reg[16]/C
  -------------------------------------------------------------------    -------------------
    SLICE_X39Y50         FDRE (Prop_fdre_C_Q)         0.419     5.827 r  C0/sclk_reg[16]/Q
                         net (fo=12, routed)          0.894     6.720    C0/sclk_reg_n_0_[16]
    SLICE_X40Y50         LUT4 (Prop_lut4_I0_O)        0.299     7.019 f  C0/DetectedDigit[3]_i_6/O
                         net (fo=8, routed)           1.069     8.089    C0/DetectedDigit[3]_i_6_n_0
    SLICE_X40Y50         LUT5 (Prop_lut5_I4_O)        0.152     8.241 r  C0/Col[2]_i_2/O
                         net (fo=3, routed)           0.608     8.849    C0/Col[2]_i_2_n_0
    SLICE_X39Y50         LUT6 (Prop_lut6_I5_O)        0.332     9.181 f  C0/Col[2]_i_1/O
                         net (fo=4, routed)           0.978    10.159    C0/Col[2]_i_1_n_0
    SLICE_X39Y49         LUT4 (Prop_lut4_I0_O)        0.152    10.311 r  C0/sclk[8]_i_1/O
                         net (fo=1, routed)           0.000    10.311    C0/sclk[8]_i_1_n_0
    SLICE_X39Y49         FDRE                                         r  C0/sclk_reg[8]/D
  -------------------------------------------------------------------    -------------------

                         (clock sys_clk_pin rise edge)
                                                      8.000     8.000 r  
    K17                                               0.000     8.000 r  clk (IN)
                         net (fo=0)                   0.000     8.000    clk
    K17                  IBUF (Prop_ibuf_I_O)         1.421     9.421 r  clk_IBUF_inst/O
                         net (fo=1, routed)           1.880    11.301    clk_IBUF
    BUFGCTRL_X0Y16       BUFG (Prop_bufg_I_O)         0.091    11.392 r  clk_IBUF_BUFG_inst/O
                         net (fo=80, routed)          1.579    12.971    C0/clk_IBUF_BUFG
    SLICE_X39Y49         FDRE                                         r  C0/sclk_reg[8]/C
                         clock pessimism              0.277    13.248    
                         clock uncertainty           -0.035    13.213    
    SLICE_X39Y49         FDRE (Setup_fdre_C_D)        0.075    13.288    C0/sclk_reg[8]
  -------------------------------------------------------------------
                         required time                         13.288    
                         arrival time                         -10.311    
  -------------------------------------------------------------------
                         slack                                  2.977    

Slack (MET) :             3.063ns  (required time - arrival time)
  Source:                 C0/sclk_reg[19]/C
                            (rising edge-triggered cell FDRE clocked by sys_clk_pin  {rise@0.000ns fall@4.000ns period=8.000ns})
  Destination:            C0/sclk_reg[1]/R
                            (rising edge-triggered cell FDRE clocked by sys_clk_pin  {rise@0.000ns fall@4.000ns period=8.000ns})
  Path Group:             sys_clk_pin
  Path Type:              Setup (Max at Slow Process Corner)
  Requirement:            8.000ns  (sys_clk_pin rise@8.000ns - sys_clk_pin rise@0.000ns)
  Data Path Delay:        4.218ns  (logic 1.014ns (24.041%)  route 3.204ns (75.959%))
  Logic Levels:           4  (LUT3=2 LUT6=2)
  Clock Path Skew:        -0.160ns (DCD - SCD + CPR)
    Destination Clock Delay (DCD):    4.971ns = ( 12.972 - 8.000 ) 
    Source Clock Delay      (SCD):    5.408ns
    Clock Pessimism Removal (CPR):    0.277ns
  Clock Uncertainty:      0.035ns  ((TSJ^2 + TIJ^2)^1/2 + DJ) / 2 + PE
    Total System Jitter     (TSJ):    0.071ns
    Total Input Jitter      (TIJ):    0.000ns
    Discrete Jitter          (DJ):    0.000ns
    Phase Error              (PE):    0.000ns

    Location             Delay type                Incr(ns)  Path(ns)    Netlist Resource(s)
  -------------------------------------------------------------------    -------------------
                         (clock sys_clk_pin rise edge)
                                                      0.000     0.000 r  
    K17                                               0.000     0.000 r  clk (IN)
                         net (fo=0)                   0.000     0.000    clk
    K17                  IBUF (Prop_ibuf_I_O)         1.492     1.492 r  clk_IBUF_inst/O
                         net (fo=1, routed)           2.076     3.568    clk_IBUF
    BUFGCTRL_X0Y16       BUFG (Prop_bufg_I_O)         0.101     3.669 r  clk_IBUF_BUFG_inst/O
                         net (fo=80, routed)          1.739     5.408    C0/clk_IBUF_BUFG
    SLICE_X38Y51         FDRE                                         r  C0/sclk_reg[19]/C
  -------------------------------------------------------------------    -------------------
    SLICE_X38Y51         FDRE (Prop_fdre_C_Q)         0.518     5.926 f  C0/sclk_reg[19]/Q
                         net (fo=2, routed)           1.126     7.052    C0/p_0_in
    SLICE_X39Y48         LUT6 (Prop_lut6_I1_O)        0.124     7.176 f  C0/DecodeOut[3]_i_2/O
                         net (fo=13, routed)          0.617     7.792    C0/DecodeOut[3]_i_2_n_0
    SLICE_X39Y52         LUT3 (Prop_lut3_I2_O)        0.124     7.916 f  C0/sclk[3]_i_6/O
                         net (fo=2, routed)           0.302     8.218    C0/sclk[3]_i_6_n_0
    SLICE_X39Y51         LUT6 (Prop_lut6_I5_O)        0.124     8.342 f  C0/sclk[3]_i_3/O
                         net (fo=4, routed)           0.619     8.961    C0/sclk[3]_i_3_n_0
    SLICE_X39Y48         LUT3 (Prop_lut3_I1_O)        0.124     9.085 r  C0/sclk[19]_i_1/O
                         net (fo=6, routed)           0.540     9.626    C0/sclk[19]_i_1_n_0
    SLICE_X38Y47         FDRE                                         r  C0/sclk_reg[1]/R
  -------------------------------------------------------------------    -------------------

                         (clock sys_clk_pin rise edge)
                                                      8.000     8.000 r  
    K17                                               0.000     8.000 r  clk (IN)
                         net (fo=0)                   0.000     8.000    clk
    K17                  IBUF (Prop_ibuf_I_O)         1.421     9.421 r  clk_IBUF_inst/O
                         net (fo=1, routed)           1.880    11.301    clk_IBUF
    BUFGCTRL_X0Y16       BUFG (Prop_bufg_I_O)         0.091    11.392 r  clk_IBUF_BUFG_inst/O
                         net (fo=80, routed)          1.579    12.971    C0/clk_IBUF_BUFG
    SLICE_X38Y47         FDRE                                         r  C0/sclk_reg[1]/C
                         clock pessimism              0.277    13.248    
                         clock uncertainty           -0.035    13.213    
    SLICE_X38Y47         FDRE (Setup_fdre_C_R)       -0.524    12.689    C0/sclk_reg[1]
  -------------------------------------------------------------------
                         required time                         12.689    
                         arrival time                          -9.626    
  -------------------------------------------------------------------
                         slack                                  3.063    





Min Delay Paths
--------------------------------------------------------------------------------------
Slack (MET) :             0.151ns  (arrival time - required time)
  Source:                 C0/sclk_reg[12]/C
                            (rising edge-triggered cell FDRE clocked by sys_clk_pin  {rise@0.000ns fall@4.000ns period=8.000ns})
  Destination:            C0/sclk_reg[13]/D
                            (rising edge-triggered cell FDRE clocked by sys_clk_pin  {rise@0.000ns fall@4.000ns period=8.000ns})
  Path Group:             sys_clk_pin
  Path Type:              Hold (Min at Fast Process Corner)
  Requirement:            0.000ns  (sys_clk_pin rise@0.000ns - sys_clk_pin rise@0.000ns)
  Data Path Delay:        0.547ns  (logic 0.348ns (63.623%)  route 0.199ns (36.377%))
  Logic Levels:           2  (CARRY4=2)
  Clock Path Skew:        0.262ns (DCD - SCD - CPR)
    Destination Clock Delay (DCD):    2.016ns
    Source Clock Delay      (SCD):    1.507ns
    Clock Pessimism Removal (CPR):    0.247ns

    Location             Delay type                Incr(ns)  Path(ns)    Netlist Resource(s)
  -------------------------------------------------------------------    -------------------
                         (clock sys_clk_pin rise edge)
                                                      0.000     0.000 r  
    K17                                               0.000     0.000 r  clk (IN)
                         net (fo=0)                   0.000     0.000    clk
    K17                  IBUF (Prop_ibuf_I_O)         0.259     0.259 r  clk_IBUF_inst/O
                         net (fo=1, routed)           0.627     0.887    clk_IBUF
    BUFGCTRL_X0Y16       BUFG (Prop_bufg_I_O)         0.026     0.913 r  clk_IBUF_BUFG_inst/O
                         net (fo=80, routed)          0.595     1.507    C0/clk_IBUF_BUFG
    SLICE_X40Y49         FDRE                                         r  C0/sclk_reg[12]/C
  -------------------------------------------------------------------    -------------------
    SLICE_X40Y49         FDRE (Prop_fdre_C_Q)         0.141     1.648 r  C0/sclk_reg[12]/Q
                         net (fo=12, routed)          0.198     1.846    C0/sclk_reg_n_0_[12]
    SLICE_X38Y49         CARRY4 (Prop_carry4_S[3]_CO[3])
                                                      0.154     2.000 r  C0/sclk_reg[12]_i_2/CO[3]
                         net (fo=1, routed)           0.001     2.001    C0/sclk_reg[12]_i_2_n_0
    SLICE_X38Y50         CARRY4 (Prop_carry4_CI_O[0])
                                                      0.053     2.054 r  C0/sclk_reg[14]_i_1/O[0]
                         net (fo=1, routed)           0.000     2.054    C0/data0[13]
    SLICE_X38Y50         FDRE                                         r  C0/sclk_reg[13]/D
  -------------------------------------------------------------------    -------------------

                         (clock sys_clk_pin rise edge)
                                                      0.000     0.000 r  
    K17                                               0.000     0.000 r  clk (IN)
                         net (fo=0)                   0.000     0.000    clk
    K17                  IBUF (Prop_ibuf_I_O)         0.447     0.447 r  clk_IBUF_inst/O
                         net (fo=1, routed)           0.683     1.130    clk_IBUF
    BUFGCTRL_X0Y16       BUFG (Prop_bufg_I_O)         0.029     1.159 r  clk_IBUF_BUFG_inst/O
                         net (fo=80, routed)          0.857     2.016    C0/clk_IBUF_BUFG
    SLICE_X38Y50         FDRE                                         r  C0/sclk_reg[13]/C
                         clock pessimism             -0.247     1.770    
    SLICE_X38Y50         FDRE (Hold_fdre_C_D)         0.134     1.904    C0/sclk_reg[13]
  -------------------------------------------------------------------
                         required time                         -1.904    
                         arrival time                           2.054    
  -------------------------------------------------------------------
                         slack                                  0.151    

Slack (MET) :             0.154ns  (arrival time - required time)
  Source:                 display_controller/leftDigit_reg[2]/C
                            (rising edge-triggered cell FDRE clocked by sys_clk_pin  {rise@0.000ns fall@4.000ns period=8.000ns})
  Destination:            display_controller/segOut_reg[2]/D
                            (rising edge-triggered cell FDRE clocked by sys_clk_pin  {rise@0.000ns fall@4.000ns period=8.000ns})
  Path Group:             sys_clk_pin
  Path Type:              Hold (Min at Fast Process Corner)
  Requirement:            0.000ns  (sys_clk_pin rise@0.000ns - sys_clk_pin rise@0.000ns)
  Data Path Delay:        0.259ns  (logic 0.209ns (80.663%)  route 0.050ns (19.337%))
  Logic Levels:           1  (LUT4=1)
  Clock Path Skew:        0.013ns (DCD - SCD - CPR)
    Destination Clock Delay (DCD):    2.014ns
    Source Clock Delay      (SCD):    1.497ns
    Clock Pessimism Removal (CPR):    0.504ns

    Location             Delay type                Incr(ns)  Path(ns)    Netlist Resource(s)
  -------------------------------------------------------------------    -------------------
                         (clock sys_clk_pin rise edge)
                                                      0.000     0.000 r  
    K17                                               0.000     0.000 r  clk (IN)
                         net (fo=0)                   0.000     0.000    clk
    K17                  IBUF (Prop_ibuf_I_O)         0.259     0.259 r  clk_IBUF_inst/O
                         net (fo=1, routed)           0.627     0.887    clk_IBUF
    BUFGCTRL_X0Y16       BUFG (Prop_bufg_I_O)         0.026     0.913 r  clk_IBUF_BUFG_inst/O
                         net (fo=80, routed)          0.585     1.497    display_controller/CLK
    SLICE_X38Y57         FDRE                                         r  display_controller/leftDigit_reg[2]/C
  -------------------------------------------------------------------    -------------------
    SLICE_X38Y57         FDRE (Prop_fdre_C_Q)         0.164     1.661 r  display_controller/leftDigit_reg[2]/Q
                         net (fo=1, routed)           0.050     1.711    display_controller/leftDigit_reg_n_0_[2]
    SLICE_X39Y57         LUT4 (Prop_lut4_I3_O)        0.045     1.756 r  display_controller/segOut[2]_i_1/O
                         net (fo=1, routed)           0.000     1.756    display_controller/segOut[2]_i_1_n_0
    SLICE_X39Y57         FDRE                                         r  display_controller/segOut_reg[2]/D
  -------------------------------------------------------------------    -------------------

                         (clock sys_clk_pin rise edge)
                                                      0.000     0.000 r  
    K17                                               0.000     0.000 r  clk (IN)
                         net (fo=0)                   0.000     0.000    clk
    K17                  IBUF (Prop_ibuf_I_O)         0.447     0.447 r  clk_IBUF_inst/O
                         net (fo=1, routed)           0.683     1.130    clk_IBUF
    BUFGCTRL_X0Y16       BUFG (Prop_bufg_I_O)         0.029     1.159 r  clk_IBUF_BUFG_inst/O
                         net (fo=80, routed)          0.855     2.014    display_controller/CLK
    SLICE_X39Y57         FDRE                                         r  display_controller/segOut_reg[2]/C
                         clock pessimism             -0.504     1.510    
    SLICE_X39Y57         FDRE (Hold_fdre_C_D)         0.092     1.602    display_controller/segOut_reg[2]
  -------------------------------------------------------------------
                         required time                         -1.602    
                         arrival time                           1.756    
  -------------------------------------------------------------------
                         slack                                  0.154    

Slack (MET) :             0.165ns  (arrival time - required time)
  Source:                 C0/DetectedDigit_reg[0]/C
                            (rising edge-triggered cell FDRE clocked by sys_clk_pin  {rise@0.000ns fall@4.000ns period=8.000ns})
  Destination:            C0/DecodeOut_reg[0]/D
                            (rising edge-triggered cell FDRE clocked by sys_clk_pin  {rise@0.000ns fall@4.000ns period=8.000ns})
  Path Group:             sys_clk_pin
  Path Type:              Hold (Min at Fast Process Corner)
  Requirement:            0.000ns  (sys_clk_pin rise@0.000ns - sys_clk_pin rise@0.000ns)
  Data Path Delay:        0.269ns  (logic 0.141ns (52.345%)  route 0.128ns (47.655%))
  Logic Levels:           0  
  Clock Path Skew:        0.034ns (DCD - SCD - CPR)
    Destination Clock Delay (DCD):    2.016ns
    Source Clock Delay      (SCD):    1.501ns
    Clock Pessimism Removal (CPR):    0.481ns

    Location             Delay type                Incr(ns)  Path(ns)    Netlist Resource(s)
  -------------------------------------------------------------------    -------------------
                         (clock sys_clk_pin rise edge)
                                                      0.000     0.000 r  
    K17                                               0.000     0.000 r  clk (IN)
                         net (fo=0)                   0.000     0.000    clk
    K17                  IBUF (Prop_ibuf_I_O)         0.259     0.259 r  clk_IBUF_inst/O
                         net (fo=1, routed)           0.627     0.887    clk_IBUF
    BUFGCTRL_X0Y16       BUFG (Prop_bufg_I_O)         0.026     0.913 r  clk_IBUF_BUFG_inst/O
                         net (fo=80, routed)          0.589     1.501    C0/clk_IBUF_BUFG
    SLICE_X40Y51         FDRE                                         r  C0/DetectedDigit_reg[0]/C
  -------------------------------------------------------------------    -------------------
    SLICE_X40Y51         FDRE (Prop_fdre_C_Q)         0.141     1.642 r  C0/DetectedDigit_reg[0]/Q
                         net (fo=2, routed)           0.128     1.771    C0/DetectedDigit_reg_n_0_[0]
    SLICE_X39Y51         FDRE                                         r  C0/DecodeOut_reg[0]/D
  -------------------------------------------------------------------    -------------------

                         (clock sys_clk_pin rise edge)
                                                      0.000     0.000 r  
    K17                                               0.000     0.000 r  clk (IN)
                         net (fo=0)                   0.000     0.000    clk
    K17                  IBUF (Prop_ibuf_I_O)         0.447     0.447 r  clk_IBUF_inst/O
                         net (fo=1, routed)           0.683     1.130    clk_IBUF
    BUFGCTRL_X0Y16       BUFG (Prop_bufg_I_O)         0.029     1.159 r  clk_IBUF_BUFG_inst/O
                         net (fo=80, routed)          0.857     2.016    C0/clk_IBUF_BUFG
    SLICE_X39Y51         FDRE                                         r  C0/DecodeOut_reg[0]/C
                         clock pessimism             -0.481     1.535    
    SLICE_X39Y51         FDRE (Hold_fdre_C_D)         0.070     1.605    C0/DecodeOut_reg[0]
  -------------------------------------------------------------------
                         required time                         -1.605    
                         arrival time                           1.771    
  -------------------------------------------------------------------
                         slack                                  0.165    

Slack (MET) :             0.179ns  (arrival time - required time)
  Source:                 display_controller/rightDigit_reg[0]/C
                            (rising edge-triggered cell FDRE clocked by sys_clk_pin  {rise@0.000ns fall@4.000ns period=8.000ns})
  Destination:            display_controller/leftDigit_reg[0]/D
                            (rising edge-triggered cell FDRE clocked by sys_clk_pin  {rise@0.000ns fall@4.000ns period=8.000ns})
  Path Group:             sys_clk_pin
  Path Type:              Hold (Min at Fast Process Corner)
  Requirement:            0.000ns  (sys_clk_pin rise@0.000ns - sys_clk_pin rise@0.000ns)
  Data Path Delay:        0.253ns  (logic 0.141ns (55.730%)  route 0.112ns (44.270%))
  Logic Levels:           0  
  Clock Path Skew:        0.015ns (DCD - SCD - CPR)
    Destination Clock Delay (DCD):    2.014ns
    Source Clock Delay      (SCD):    1.498ns
    Clock Pessimism Removal (CPR):    0.501ns

    Location             Delay type                Incr(ns)  Path(ns)    Netlist Resource(s)
  -------------------------------------------------------------------    -------------------
                         (clock sys_clk_pin rise edge)
                                                      0.000     0.000 r  
    K17                                               0.000     0.000 r  clk (IN)
                         net (fo=0)                   0.000     0.000    clk
    K17                  IBUF (Prop_ibuf_I_O)         0.259     0.259 r  clk_IBUF_inst/O
                         net (fo=1, routed)           0.627     0.887    clk_IBUF
    BUFGCTRL_X0Y16       BUFG (Prop_bufg_I_O)         0.026     0.913 r  clk_IBUF_BUFG_inst/O
                         net (fo=80, routed)          0.586     1.498    display_controller/CLK
    SLICE_X39Y56         FDRE                                         r  display_controller/rightDigit_reg[0]/C
  -------------------------------------------------------------------    -------------------
    SLICE_X39Y56         FDRE (Prop_fdre_C_Q)         0.141     1.639 r  display_controller/rightDigit_reg[0]/Q
                         net (fo=2, routed)           0.112     1.751    display_controller/rightDigit[0]
    SLICE_X38Y57         FDRE                                         r  display_controller/leftDigit_reg[0]/D
  -------------------------------------------------------------------    -------------------

                         (clock sys_clk_pin rise edge)
                                                      0.000     0.000 r  
    K17                                               0.000     0.000 r  clk (IN)
                         net (fo=0)                   0.000     0.000    clk
    K17                  IBUF (Prop_ibuf_I_O)         0.447     0.447 r  clk_IBUF_inst/O
                         net (fo=1, routed)           0.683     1.130    clk_IBUF
    BUFGCTRL_X0Y16       BUFG (Prop_bufg_I_O)         0.029     1.159 r  clk_IBUF_BUFG_inst/O
                         net (fo=80, routed)          0.855     2.014    display_controller/CLK
    SLICE_X38Y57         FDRE                                         r  display_controller/leftDigit_reg[0]/C
                         clock pessimism             -0.501     1.513    
    SLICE_X38Y57         FDRE (Hold_fdre_C_D)         0.059     1.572    display_controller/leftDigit_reg[0]
  -------------------------------------------------------------------
                         required time                         -1.572    
                         arrival time                           1.751    
  -------------------------------------------------------------------
                         slack                                  0.179    

Slack (MET) :             0.186ns  (arrival time - required time)
  Source:                 display_controller/leftDigit_reg[6]/C
                            (rising edge-triggered cell FDRE clocked by sys_clk_pin  {rise@0.000ns fall@4.000ns period=8.000ns})
  Destination:            display_controller/segOut_reg[6]/D
                            (rising edge-triggered cell FDRE clocked by sys_clk_pin  {rise@0.000ns fall@4.000ns period=8.000ns})
  Path Group:             sys_clk_pin
  Path Type:              Hold (Min at Fast Process Corner)
  Requirement:            0.000ns  (sys_clk_pin rise@0.000ns - sys_clk_pin rise@0.000ns)
  Data Path Delay:        0.291ns  (logic 0.209ns (71.796%)  route 0.082ns (28.204%))
  Logic Levels:           1  (LUT4=1)
  Clock Path Skew:        0.013ns (DCD - SCD - CPR)
    Destination Clock Delay (DCD):    2.014ns
    Source Clock Delay      (SCD):    1.497ns
    Clock Pessimism Removal (CPR):    0.504ns

    Location             Delay type                Incr(ns)  Path(ns)    Netlist Resource(s)
  -------------------------------------------------------------------    -------------------
                         (clock sys_clk_pin rise edge)
                                                      0.000     0.000 r  
    K17                                               0.000     0.000 r  clk (IN)
                         net (fo=0)                   0.000     0.000    clk
    K17                  IBUF (Prop_ibuf_I_O)         0.259     0.259 r  clk_IBUF_inst/O
                         net (fo=1, routed)           0.627     0.887    clk_IBUF
    BUFGCTRL_X0Y16       BUFG (Prop_bufg_I_O)         0.026     0.913 r  clk_IBUF_BUFG_inst/O
                         net (fo=80, routed)          0.585     1.497    display_controller/CLK
    SLICE_X38Y57         FDRE                                         r  display_controller/leftDigit_reg[6]/C
  -------------------------------------------------------------------    -------------------
    SLICE_X38Y57         FDRE (Prop_fdre_C_Q)         0.164     1.661 r  display_controller/leftDigit_reg[6]/Q
                         net (fo=1, routed)           0.082     1.743    display_controller/leftDigit_reg_n_0_[6]
    SLICE_X39Y57         LUT4 (Prop_lut4_I3_O)        0.045     1.788 r  display_controller/segOut[6]_i_1/O
                         net (fo=1, routed)           0.000     1.788    display_controller/segOut[6]_i_1_n_0
    SLICE_X39Y57         FDRE                                         r  display_controller/segOut_reg[6]/D
  -------------------------------------------------------------------    -------------------

                         (clock sys_clk_pin rise edge)
                                                      0.000     0.000 r  
    K17                                               0.000     0.000 r  clk (IN)
                         net (fo=0)                   0.000     0.000    clk
    K17                  IBUF (Prop_ibuf_I_O)         0.447     0.447 r  clk_IBUF_inst/O
                         net (fo=1, routed)           0.683     1.130    clk_IBUF
    BUFGCTRL_X0Y16       BUFG (Prop_bufg_I_O)         0.029     1.159 r  clk_IBUF_BUFG_inst/O
                         net (fo=80, routed)          0.855     2.014    display_controller/CLK
    SLICE_X39Y57         FDRE                                         r  display_controller/segOut_reg[6]/C
                         clock pessimism             -0.504     1.510    
    SLICE_X39Y57         FDRE (Hold_fdre_C_D)         0.092     1.602    display_controller/segOut_reg[6]
  -------------------------------------------------------------------
                         required time                         -1.602    
                         arrival time                           1.788    
  -------------------------------------------------------------------
                         slack                                  0.186    

Slack (MET) :             0.187ns  (arrival time - required time)
  Source:                 C0/sclk_reg[12]/C
                            (rising edge-triggered cell FDRE clocked by sys_clk_pin  {rise@0.000ns fall@4.000ns period=8.000ns})
  Destination:            C0/sclk_reg[14]/D
                            (rising edge-triggered cell FDRE clocked by sys_clk_pin  {rise@0.000ns fall@4.000ns period=8.000ns})
  Path Group:             sys_clk_pin
  Path Type:              Hold (Min at Fast Process Corner)
  Requirement:            0.000ns  (sys_clk_pin rise@0.000ns - sys_clk_pin rise@0.000ns)
  Data Path Delay:        0.583ns  (logic 0.384ns (65.870%)  route 0.199ns (34.130%))
  Logic Levels:           2  (CARRY4=2)
  Clock Path Skew:        0.262ns (DCD - SCD - CPR)
    Destination Clock Delay (DCD):    2.016ns
    Source Clock Delay      (SCD):    1.507ns
    Clock Pessimism Removal (CPR):    0.247ns

    Location             Delay type                Incr(ns)  Path(ns)    Netlist Resource(s)
  -------------------------------------------------------------------    -------------------
                         (clock sys_clk_pin rise edge)
                                                      0.000     0.000 r  
    K17                                               0.000     0.000 r  clk (IN)
                         net (fo=0)                   0.000     0.000    clk
    K17                  IBUF (Prop_ibuf_I_O)         0.259     0.259 r  clk_IBUF_inst/O
                         net (fo=1, routed)           0.627     0.887    clk_IBUF
    BUFGCTRL_X0Y16       BUFG (Prop_bufg_I_O)         0.026     0.913 r  clk_IBUF_BUFG_inst/O
                         net (fo=80, routed)          0.595     1.507    C0/clk_IBUF_BUFG
    SLICE_X40Y49         FDRE                                         r  C0/sclk_reg[12]/C
  -------------------------------------------------------------------    -------------------
    SLICE_X40Y49         FDRE (Prop_fdre_C_Q)         0.141     1.648 r  C0/sclk_reg[12]/Q
                         net (fo=12, routed)          0.198     1.846    C0/sclk_reg_n_0_[12]
    SLICE_X38Y49         CARRY4 (Prop_carry4_S[3]_CO[3])
                                                      0.154     2.000 r  C0/sclk_reg[12]_i_2/CO[3]
                         net (fo=1, routed)           0.001     2.001    C0/sclk_reg[12]_i_2_n_0
    SLICE_X38Y50         CARRY4 (Prop_carry4_CI_O[1])
                                                      0.089     2.090 r  C0/sclk_reg[14]_i_1/O[1]
                         net (fo=1, routed)           0.000     2.090    C0/data0[14]
    SLICE_X38Y50         FDRE                                         r  C0/sclk_reg[14]/D
  -------------------------------------------------------------------    -------------------

                         (clock sys_clk_pin rise edge)
                                                      0.000     0.000 r  
    K17                                               0.000     0.000 r  clk (IN)
                         net (fo=0)                   0.000     0.000    clk
    K17                  IBUF (Prop_ibuf_I_O)         0.447     0.447 r  clk_IBUF_inst/O
                         net (fo=1, routed)           0.683     1.130    clk_IBUF
    BUFGCTRL_X0Y16       BUFG (Prop_bufg_I_O)         0.029     1.159 r  clk_IBUF_BUFG_inst/O
                         net (fo=80, routed)          0.857     2.016    C0/clk_IBUF_BUFG
    SLICE_X38Y50         FDRE                                         r  C0/sclk_reg[14]/C
                         clock pessimism             -0.247     1.770    
    SLICE_X38Y50         FDRE (Hold_fdre_C_D)         0.134     1.904    C0/sclk_reg[14]
  -------------------------------------------------------------------
                         required time                         -1.904    
                         arrival time                           2.090    
  -------------------------------------------------------------------
                         slack                                  0.187    

Slack (MET) :             0.187ns  (arrival time - required time)
  Source:                 display_controller/rightDigit_reg[6]/C
                            (rising edge-triggered cell FDRE clocked by sys_clk_pin  {rise@0.000ns fall@4.000ns period=8.000ns})
  Destination:            display_controller/leftDigit_reg[6]/D
                            (rising edge-triggered cell FDRE clocked by sys_clk_pin  {rise@0.000ns fall@4.000ns period=8.000ns})
  Path Group:             sys_clk_pin
  Path Type:              Hold (Min at Fast Process Corner)
  Requirement:            0.000ns  (sys_clk_pin rise@0.000ns - sys_clk_pin rise@0.000ns)
  Data Path Delay:        0.265ns  (logic 0.141ns (53.180%)  route 0.124ns (46.820%))
  Logic Levels:           0  
  Clock Path Skew:        0.015ns (DCD - SCD - CPR)
    Destination Clock Delay (DCD):    2.014ns
    Source Clock Delay      (SCD):    1.498ns
    Clock Pessimism Removal (CPR):    0.501ns

    Location             Delay type                Incr(ns)  Path(ns)    Netlist Resource(s)
  -------------------------------------------------------------------    -------------------
                         (clock sys_clk_pin rise edge)
                                                      0.000     0.000 r  
    K17                                               0.000     0.000 r  clk (IN)
                         net (fo=0)                   0.000     0.000    clk
    K17                  IBUF (Prop_ibuf_I_O)         0.259     0.259 r  clk_IBUF_inst/O
                         net (fo=1, routed)           0.627     0.887    clk_IBUF
    BUFGCTRL_X0Y16       BUFG (Prop_bufg_I_O)         0.026     0.913 r  clk_IBUF_BUFG_inst/O
                         net (fo=80, routed)          0.586     1.498    display_controller/CLK
    SLICE_X39Y56         FDRE                                         r  display_controller/rightDigit_reg[6]/C
  -------------------------------------------------------------------    -------------------
    SLICE_X39Y56         FDRE (Prop_fdre_C_Q)         0.141     1.639 r  display_controller/rightDigit_reg[6]/Q
                         net (fo=2, routed)           0.124     1.763    display_controller/rightDigit[6]
    SLICE_X38Y57         FDRE                                         r  display_controller/leftDigit_reg[6]/D
  -------------------------------------------------------------------    -------------------

                         (clock sys_clk_pin rise edge)
                                                      0.000     0.000 r  
    K17                                               0.000     0.000 r  clk (IN)
                         net (fo=0)                   0.000     0.000    clk
    K17                  IBUF (Prop_ibuf_I_O)         0.447     0.447 r  clk_IBUF_inst/O
                         net (fo=1, routed)           0.683     1.130    clk_IBUF
    BUFGCTRL_X0Y16       BUFG (Prop_bufg_I_O)         0.029     1.159 r  clk_IBUF_BUFG_inst/O
                         net (fo=80, routed)          0.855     2.014    display_controller/CLK
    SLICE_X38Y57         FDRE                                         r  display_controller/leftDigit_reg[6]/C
                         clock pessimism             -0.501     1.513    
    SLICE_X38Y57         FDRE (Hold_fdre_C_D)         0.063     1.576    display_controller/leftDigit_reg[6]
  -------------------------------------------------------------------
                         required time                         -1.576    
                         arrival time                           1.763    
  -------------------------------------------------------------------
                         slack                                  0.187    

Slack (MET) :             0.195ns  (arrival time - required time)
  Source:                 C0/sclk_reg[15]/C
                            (rising edge-triggered cell FDRE clocked by sys_clk_pin  {rise@0.000ns fall@4.000ns period=8.000ns})
  Destination:            C0/sclk_reg[11]/D
                            (rising edge-triggered cell FDRE clocked by sys_clk_pin  {rise@0.000ns fall@4.000ns period=8.000ns})
  Path Group:             sys_clk_pin
  Path Type:              Hold (Min at Fast Process Corner)
  Requirement:            0.000ns  (sys_clk_pin rise@0.000ns - sys_clk_pin rise@0.000ns)
  Data Path Delay:        0.561ns  (logic 0.231ns (41.180%)  route 0.330ns (58.820%))
  Logic Levels:           2  (LUT5=1 LUT6=1)
  Clock Path Skew:        0.275ns (DCD - SCD - CPR)
    Destination Clock Delay (DCD):    2.021ns
    Source Clock Delay      (SCD):    1.499ns
    Clock Pessimism Removal (CPR):    0.247ns

    Location             Delay type                Incr(ns)  Path(ns)    Netlist Resource(s)
  -------------------------------------------------------------------    -------------------
                         (clock sys_clk_pin rise edge)
                                                      0.000     0.000 r  
    K17                                               0.000     0.000 r  clk (IN)
                         net (fo=0)                   0.000     0.000    clk
    K17                  IBUF (Prop_ibuf_I_O)         0.259     0.259 r  clk_IBUF_inst/O
                         net (fo=1, routed)           0.627     0.887    clk_IBUF
    BUFGCTRL_X0Y16       BUFG (Prop_bufg_I_O)         0.026     0.913 r  clk_IBUF_BUFG_inst/O
                         net (fo=80, routed)          0.587     1.499    C0/clk_IBUF_BUFG
    SLICE_X37Y50         FDRE                                         r  C0/sclk_reg[15]/C
  -------------------------------------------------------------------    -------------------
    SLICE_X37Y50         FDRE (Prop_fdre_C_Q)         0.141     1.640 f  C0/sclk_reg[15]/Q
                         net (fo=18, routed)          0.266     1.907    C0/sclk_reg_n_0_[15]
    SLICE_X39Y49         LUT6 (Prop_lut6_I3_O)        0.045     1.952 r  C0/sclk[17]_i_2/O
                         net (fo=2, routed)           0.064     2.015    C0/sclk[17]_i_2_n_0
    SLICE_X39Y49         LUT5 (Prop_lut5_I1_O)        0.045     2.060 r  C0/sclk[11]_i_1/O
                         net (fo=1, routed)           0.000     2.060    C0/sclk[11]_i_1_n_0
    SLICE_X39Y49         FDRE                                         r  C0/sclk_reg[11]/D
  -------------------------------------------------------------------    -------------------

                         (clock sys_clk_pin rise edge)
                                                      0.000     0.000 r  
    K17                                               0.000     0.000 r  clk (IN)
                         net (fo=0)                   0.000     0.000    clk
    K17                  IBUF (Prop_ibuf_I_O)         0.447     0.447 r  clk_IBUF_inst/O
                         net (fo=1, routed)           0.683     1.130    clk_IBUF
    BUFGCTRL_X0Y16       BUFG (Prop_bufg_I_O)         0.029     1.159 r  clk_IBUF_BUFG_inst/O
                         net (fo=80, routed)          0.862     2.021    C0/clk_IBUF_BUFG
    SLICE_X39Y49         FDRE                                         r  C0/sclk_reg[11]/C
                         clock pessimism             -0.247     1.775    
    SLICE_X39Y49         FDRE (Hold_fdre_C_D)         0.091     1.866    C0/sclk_reg[11]
  -------------------------------------------------------------------
                         required time                         -1.866    
                         arrival time                           2.060    
  -------------------------------------------------------------------
                         slack                                  0.195    

Slack (MET) :             0.199ns  (arrival time - required time)
  Source:                 display_controller/DigitPresent_reg/C
                            (rising edge-triggered cell FDRE clocked by sys_clk_pin  {rise@0.000ns fall@4.000ns period=8.000ns})
  Destination:            display_controller/twoDigits_reg/D
                            (rising edge-triggered cell FDRE clocked by sys_clk_pin  {rise@0.000ns fall@4.000ns period=8.000ns})
  Path Group:             sys_clk_pin
  Path Type:              Hold (Min at Fast Process Corner)
  Requirement:            0.000ns  (sys_clk_pin rise@0.000ns - sys_clk_pin rise@0.000ns)
  Data Path Delay:        0.303ns  (logic 0.209ns (68.923%)  route 0.094ns (31.077%))
  Logic Levels:           1  (LUT3=1)
  Clock Path Skew:        0.013ns (DCD - SCD - CPR)
    Destination Clock Delay (DCD):    2.015ns
    Source Clock Delay      (SCD):    1.498ns
    Clock Pessimism Removal (CPR):    0.504ns

    Location             Delay type                Incr(ns)  Path(ns)    Netlist Resource(s)
  -------------------------------------------------------------------    -------------------
                         (clock sys_clk_pin rise edge)
                                                      0.000     0.000 r  
    K17                                               0.000     0.000 r  clk (IN)
                         net (fo=0)                   0.000     0.000    clk
    K17                  IBUF (Prop_ibuf_I_O)         0.259     0.259 r  clk_IBUF_inst/O
                         net (fo=1, routed)           0.627     0.887    clk_IBUF
    BUFGCTRL_X0Y16       BUFG (Prop_bufg_I_O)         0.026     0.913 r  clk_IBUF_BUFG_inst/O
                         net (fo=80, routed)          0.586     1.498    display_controller/CLK
    SLICE_X38Y55         FDRE                                         r  display_controller/DigitPresent_reg/C
  -------------------------------------------------------------------    -------------------
    SLICE_X38Y55         FDRE (Prop_fdre_C_Q)         0.164     1.662 r  display_controller/DigitPresent_reg/Q
                         net (fo=3, routed)           0.094     1.757    display_controller/DigitPresent
    SLICE_X39Y55         LUT3 (Prop_lut3_I1_O)        0.045     1.802 r  display_controller/twoDigits_i_1/O
                         net (fo=1, routed)           0.000     1.802    display_controller/twoDigits_i_1_n_0
    SLICE_X39Y55         FDRE                                         r  display_controller/twoDigits_reg/D
  -------------------------------------------------------------------    -------------------

                         (clock sys_clk_pin rise edge)
                                                      0.000     0.000 r  
    K17                                               0.000     0.000 r  clk (IN)
                         net (fo=0)                   0.000     0.000    clk
    K17                  IBUF (Prop_ibuf_I_O)         0.447     0.447 r  clk_IBUF_inst/O
                         net (fo=1, routed)           0.683     1.130    clk_IBUF
    BUFGCTRL_X0Y16       BUFG (Prop_bufg_I_O)         0.029     1.159 r  clk_IBUF_BUFG_inst/O
                         net (fo=80, routed)          0.856     2.015    display_controller/CLK
    SLICE_X39Y55         FDRE                                         r  display_controller/twoDigits_reg/C
                         clock pessimism             -0.504     1.511    
    SLICE_X39Y55         FDRE (Hold_fdre_C_D)         0.091     1.602    display_controller/twoDigits_reg
  -------------------------------------------------------------------
                         required time                         -1.602    
                         arrival time                           1.802    
  -------------------------------------------------------------------
                         slack                                  0.199    

Slack (MET) :             0.204ns  (arrival time - required time)
  Source:                 C0/sclk_reg[12]/C
                            (rising edge-triggered cell FDRE clocked by sys_clk_pin  {rise@0.000ns fall@4.000ns period=8.000ns})
  Destination:            C0/sclk_reg[19]/D
                            (rising edge-triggered cell FDRE clocked by sys_clk_pin  {rise@0.000ns fall@4.000ns period=8.000ns})
  Path Group:             sys_clk_pin
  Path Type:              Hold (Min at Fast Process Corner)
  Requirement:            0.000ns  (sys_clk_pin rise@0.000ns - sys_clk_pin rise@0.000ns)
  Data Path Delay:        0.600ns  (logic 0.401ns (66.837%)  route 0.199ns (33.163%))
  Logic Levels:           3  (CARRY4=3)
  Clock Path Skew:        0.262ns (DCD - SCD - CPR)
    Destination Clock Delay (DCD):    2.016ns
    Source Clock Delay      (SCD):    1.507ns
    Clock Pessimism Removal (CPR):    0.247ns

    Location             Delay type                Incr(ns)  Path(ns)    Netlist Resource(s)
  -------------------------------------------------------------------    -------------------
                         (clock sys_clk_pin rise edge)
                                                      0.000     0.000 r  
    K17                                               0.000     0.000 r  clk (IN)
                         net (fo=0)                   0.000     0.000    clk
    K17                  IBUF (Prop_ibuf_I_O)         0.259     0.259 r  clk_IBUF_inst/O
                         net (fo=1, routed)           0.627     0.887    clk_IBUF
    BUFGCTRL_X0Y16       BUFG (Prop_bufg_I_O)         0.026     0.913 r  clk_IBUF_BUFG_inst/O
                         net (fo=80, routed)          0.595     1.507    C0/clk_IBUF_BUFG
    SLICE_X40Y49         FDRE                                         r  C0/sclk_reg[12]/C
  -------------------------------------------------------------------    -------------------
    SLICE_X40Y49         FDRE (Prop_fdre_C_Q)         0.141     1.648 r  C0/sclk_reg[12]/Q
                         net (fo=12, routed)          0.198     1.846    C0/sclk_reg_n_0_[12]
    SLICE_X38Y49         CARRY4 (Prop_carry4_S[3]_CO[3])
                                                      0.154     2.000 r  C0/sclk_reg[12]_i_2/CO[3]
                         net (fo=1, routed)           0.001     2.001    C0/sclk_reg[12]_i_2_n_0
    SLICE_X38Y50         CARRY4 (Prop_carry4_CI_CO[3])
                                                      0.040     2.041 r  C0/sclk_reg[14]_i_1/CO[3]
                         net (fo=1, routed)           0.000     2.041    C0/sclk_reg[14]_i_1_n_0
    SLICE_X38Y51         CARRY4 (Prop_carry4_CI_O[2])
                                                      0.066     2.107 r  C0/sclk_reg[19]_i_2/O[2]
                         net (fo=1, routed)           0.000     2.107    C0/data0[19]
    SLICE_X38Y51         FDRE                                         r  C0/sclk_reg[19]/D
  -------------------------------------------------------------------    -------------------

                         (clock sys_clk_pin rise edge)
                                                      0.000     0.000 r  
    K17                                               0.000     0.000 r  clk (IN)
                         net (fo=0)                   0.000     0.000    clk
    K17                  IBUF (Prop_ibuf_I_O)         0.447     0.447 r  clk_IBUF_inst/O
                         net (fo=1, routed)           0.683     1.130    clk_IBUF
    BUFGCTRL_X0Y16       BUFG (Prop_bufg_I_O)         0.029     1.159 r  clk_IBUF_BUFG_inst/O
                         net (fo=80, routed)          0.857     2.016    C0/clk_IBUF_BUFG
    SLICE_X38Y51         FDRE                                         r  C0/sclk_reg[19]/C
                         clock pessimism             -0.247     1.770    
    SLICE_X38Y51         FDRE (Hold_fdre_C_D)         0.134     1.904    C0/sclk_reg[19]
  -------------------------------------------------------------------
                         required time                         -1.904    
                         arrival time                           2.107    
  -------------------------------------------------------------------
                         slack                                  0.204    





Pulse Width Checks
--------------------------------------------------------------------------------------
Clock Name:         sys_clk_pin
Waveform(ns):       { 0.000 4.000 }
Period(ns):         8.000
Sources:            { clk }

Check Type        Corner  Lib Pin  Reference Pin  Required(ns)  Actual(ns)  Slack(ns)  Location        Pin
Min Period        n/a     BUFG/I   n/a            2.155         8.000       5.845      BUFGCTRL_X0Y16  clk_IBUF_BUFG_inst/I
Min Period        n/a     FDRE/C   n/a            1.000         8.000       7.000      SLICE_X42Y49    C0/Col_reg[0]/C
Min Period        n/a     FDRE/C   n/a            1.000         8.000       7.000      SLICE_X42Y49    C0/Col_reg[1]/C
Min Period        n/a     FDRE/C   n/a            1.000         8.000       7.000      SLICE_X42Y49    C0/Col_reg[2]/C
Min Period        n/a     FDRE/C   n/a            1.000         8.000       7.000      SLICE_X42Y49    C0/Col_reg[3]/C
Min Period        n/a     FDRE/C   n/a            1.000         8.000       7.000      SLICE_X39Y51    C0/DecodeOut_reg[0]/C
Min Period        n/a     FDRE/C   n/a            1.000         8.000       7.000      SLICE_X39Y52    C0/DecodeOut_reg[1]/C
Min Period        n/a     FDRE/C   n/a            1.000         8.000       7.000      SLICE_X39Y51    C0/DecodeOut_reg[2]/C
Min Period        n/a     FDRE/C   n/a            1.000         8.000       7.000      SLICE_X39Y51    C0/DecodeOut_reg[3]/C
Min Period        n/a     FDRE/C   n/a            1.000         8.000       7.000      SLICE_X40Y51    C0/DetectedDigit_reg[0]/C
Low Pulse Width   Slow    FDRE/C   n/a            0.500         4.000       3.500      SLICE_X42Y49    C0/Col_reg[0]/C
Low Pulse Width   Fast    FDRE/C   n/a            0.500         4.000       3.500      SLICE_X42Y49    C0/Col_reg[0]/C
Low Pulse Width   Slow    FDRE/C   n/a            0.500         4.000       3.500      SLICE_X42Y49    C0/Col_reg[1]/C
Low Pulse Width   Fast    FDRE/C   n/a            0.500         4.000       3.500      SLICE_X42Y49    C0/Col_reg[1]/C
Low Pulse Width   Slow    FDRE/C   n/a            0.500         4.000       3.500      SLICE_X42Y49    C0/Col_reg[2]/C
Low Pulse Width   Fast    FDRE/C   n/a            0.500         4.000       3.500      SLICE_X42Y49    C0/Col_reg[2]/C
Low Pulse Width   Slow    FDRE/C   n/a            0.500         4.000       3.500      SLICE_X42Y49    C0/Col_reg[3]/C
Low Pulse Width   Fast    FDRE/C   n/a            0.500         4.000       3.500      SLICE_X42Y49    C0/Col_reg[3]/C
Low Pulse Width   Slow    FDRE/C   n/a            0.500         4.000       3.500      SLICE_X39Y51    C0/DecodeOut_reg[0]/C
Low Pulse Width   Fast    FDRE/C   n/a            0.500         4.000       3.500      SLICE_X39Y51    C0/DecodeOut_reg[0]/C
High Pulse Width  Slow    FDRE/C   n/a            0.500         4.000       3.500      SLICE_X42Y49    C0/Col_reg[0]/C
High Pulse Width  Fast    FDRE/C   n/a            0.500         4.000       3.500      SLICE_X42Y49    C0/Col_reg[0]/C
High Pulse Width  Slow    FDRE/C   n/a            0.500         4.000       3.500      SLICE_X42Y49    C0/Col_reg[1]/C
High Pulse Width  Fast    FDRE/C   n/a            0.500         4.000       3.500      SLICE_X42Y49    C0/Col_reg[1]/C
High Pulse Width  Slow    FDRE/C   n/a            0.500         4.000       3.500      SLICE_X42Y49    C0/Col_reg[2]/C
High Pulse Width  Fast    FDRE/C   n/a            0.500         4.000       3.500      SLICE_X42Y49    C0/Col_reg[2]/C
High Pulse Width  Slow    FDRE/C   n/a            0.500         4.000       3.500      SLICE_X42Y49    C0/Col_reg[3]/C
High Pulse Width  Fast    FDRE/C   n/a            0.500         4.000       3.500      SLICE_X42Y49    C0/Col_reg[3]/C
High Pulse Width  Slow    FDRE/C   n/a            0.500         4.000       3.500      SLICE_X39Y51    C0/DecodeOut_reg[0]/C
High Pulse Width  Fast    FDRE/C   n/a            0.500         4.000       3.500      SLICE_X39Y51    C0/DecodeOut_reg[0]/C



--------------------------------------------------------------------------------------
Path Group:  (none)
From Clock:  sys_clk_pin
  To Clock:  

Max Delay            12 Endpoints
Min Delay            12 Endpoints
--------------------------------------------------------------------------------------


Max Delay Paths
--------------------------------------------------------------------------------------
Slack:                    inf
  Source:                 display_controller/segOut_reg[5]/C
                            (rising edge-triggered cell FDRE clocked by sys_clk_pin  {rise@0.000ns fall@4.000ns period=8.000ns})
  Destination:            display_seg[5]
                            (output port)
  Path Group:             (none)
  Path Type:              Max at Slow Process Corner
  Data Path Delay:        7.263ns  (logic 3.987ns (54.893%)  route 3.276ns (45.107%))
  Logic Levels:           1  (OBUF=1)
  Clock Uncertainty:      0.025ns  ((TSJ^2 + TIJ^2)^1/2 + DJ) / 2 + PE
    Total System Jitter     (TSJ):    0.050ns
    Total Input Jitter      (TIJ):    0.000ns
    Discrete Jitter          (DJ):    0.000ns
    Phase Error              (PE):    0.000ns

    Location             Delay type                Incr(ns)  Path(ns)    Netlist Resource(s)
  -------------------------------------------------------------------    -------------------
                         (clock sys_clk_pin rise edge)
                                                      0.000     0.000 r  
    K17                                               0.000     0.000 r  clk (IN)
                         net (fo=0)                   0.000     0.000    clk
    K17                  IBUF (Prop_ibuf_I_O)         1.492     1.492 r  clk_IBUF_inst/O
                         net (fo=1, routed)           2.076     3.568    clk_IBUF
    BUFGCTRL_X0Y16       BUFG (Prop_bufg_I_O)         0.101     3.669 r  clk_IBUF_BUFG_inst/O
                         net (fo=80, routed)          1.740     5.409    display_controller/CLK
    SLICE_X40Y56         FDRE                                         r  display_controller/segOut_reg[5]/C
  -------------------------------------------------------------------    -------------------
    SLICE_X40Y56         FDRE (Prop_fdre_C_Q)         0.456     5.865 r  display_controller/segOut_reg[5]/Q
                         net (fo=1, routed)           3.276     9.141    display_seg_OBUF[5]
    W16                  OBUF (Prop_obuf_I_O)         3.531    12.672 r  display_seg_OBUF[5]_inst/O
                         net (fo=0)                   0.000    12.672    display_seg[5]
    W16                                                               r  display_seg[5] (OUT)
  -------------------------------------------------------------------    -------------------

Slack:                    inf
  Source:                 C0/Col_reg[1]/C
                            (rising edge-triggered cell FDRE clocked by sys_clk_pin  {rise@0.000ns fall@4.000ns period=8.000ns})
  Destination:            JC[1]
                            (output port)
  Path Group:             (none)
  Path Type:              Max at Slow Process Corner
  Data Path Delay:        6.560ns  (logic 4.135ns (63.043%)  route 2.424ns (36.957%))
  Logic Levels:           1  (OBUF=1)
  Clock Uncertainty:      0.025ns  ((TSJ^2 + TIJ^2)^1/2 + DJ) / 2 + PE
    Total System Jitter     (TSJ):    0.050ns
    Total Input Jitter      (TIJ):    0.000ns
    Discrete Jitter          (DJ):    0.000ns
    Phase Error              (PE):    0.000ns

    Location             Delay type                Incr(ns)  Path(ns)    Netlist Resource(s)
  -------------------------------------------------------------------    -------------------
                         (clock sys_clk_pin rise edge)
                                                      0.000     0.000 r  
    K17                                               0.000     0.000 r  clk (IN)
                         net (fo=0)                   0.000     0.000    clk
    K17                  IBUF (Prop_ibuf_I_O)         1.492     1.492 r  clk_IBUF_inst/O
                         net (fo=1, routed)           2.076     3.568    clk_IBUF
    BUFGCTRL_X0Y16       BUFG (Prop_bufg_I_O)         0.101     3.669 r  clk_IBUF_BUFG_inst/O
                         net (fo=80, routed)          1.758     5.427    C0/clk_IBUF_BUFG
    SLICE_X42Y49         FDRE                                         r  C0/Col_reg[1]/C
  -------------------------------------------------------------------    -------------------
    SLICE_X42Y49         FDRE (Prop_fdre_C_Q)         0.518     5.945 r  C0/Col_reg[1]/Q
                         net (fo=1, routed)           2.424     8.369    JC_IBUF__0[1]
    W15                  OBUF (Prop_obuf_I_O)         3.617    11.987 r  JC_OBUF[1]_inst/O
                         net (fo=0)                   0.000    11.987    JC[1]
    W15                                                               r  JC[1] (INOUT)
  -------------------------------------------------------------------    -------------------

Slack:                    inf
  Source:                 display_controller/segOut_reg[3]/C
                            (rising edge-triggered cell FDRE clocked by sys_clk_pin  {rise@0.000ns fall@4.000ns period=8.000ns})
  Destination:            display_seg[3]
                            (output port)
  Path Group:             (none)
  Path Type:              Max at Slow Process Corner
  Data Path Delay:        6.457ns  (logic 4.023ns (62.310%)  route 2.434ns (37.690%))
  Logic Levels:           1  (OBUF=1)
  Clock Uncertainty:      0.025ns  ((TSJ^2 + TIJ^2)^1/2 + DJ) / 2 + PE
    Total System Jitter     (TSJ):    0.050ns
    Total Input Jitter      (TIJ):    0.000ns
    Discrete Jitter          (DJ):    0.000ns
    Phase Error              (PE):    0.000ns

    Location             Delay type                Incr(ns)  Path(ns)    Netlist Resource(s)
  -------------------------------------------------------------------    -------------------
                         (clock sys_clk_pin rise edge)
                                                      0.000     0.000 r  
    K17                                               0.000     0.000 r  clk (IN)
                         net (fo=0)                   0.000     0.000    clk
    K17                  IBUF (Prop_ibuf_I_O)         1.492     1.492 r  clk_IBUF_inst/O
                         net (fo=1, routed)           2.076     3.568    clk_IBUF
    BUFGCTRL_X0Y16       BUFG (Prop_bufg_I_O)         0.101     3.669 r  clk_IBUF_BUFG_inst/O
                         net (fo=80, routed)          1.740     5.409    display_controller/CLK
    SLICE_X40Y56         FDRE                                         r  display_controller/segOut_reg[3]/C
  -------------------------------------------------------------------    -------------------
    SLICE_X40Y56         FDRE (Prop_fdre_C_Q)         0.456     5.865 r  display_controller/segOut_reg[3]/Q
                         net (fo=1, routed)           2.434     8.298    display_seg_OBUF[3]
    R14                  OBUF (Prop_obuf_I_O)         3.567    11.866 r  display_seg_OBUF[3]_inst/O
                         net (fo=0)                   0.000    11.866    display_seg[3]
    R14                                                               r  display_seg[3] (OUT)
  -------------------------------------------------------------------    -------------------

Slack:                    inf
  Source:                 display_controller/segOut_reg[1]/C
                            (rising edge-triggered cell FDRE clocked by sys_clk_pin  {rise@0.000ns fall@4.000ns period=8.000ns})
  Destination:            display_seg[1]
                            (output port)
  Path Group:             (none)
  Path Type:              Max at Slow Process Corner
  Data Path Delay:        6.452ns  (logic 4.022ns (62.336%)  route 2.430ns (37.664%))
  Logic Levels:           1  (OBUF=1)
  Clock Uncertainty:      0.025ns  ((TSJ^2 + TIJ^2)^1/2 + DJ) / 2 + PE
    Total System Jitter     (TSJ):    0.050ns
    Total Input Jitter      (TIJ):    0.000ns
    Discrete Jitter          (DJ):    0.000ns
    Phase Error              (PE):    0.000ns

    Location             Delay type                Incr(ns)  Path(ns)    Netlist Resource(s)
  -------------------------------------------------------------------    -------------------
                         (clock sys_clk_pin rise edge)
                                                      0.000     0.000 r  
    K17                                               0.000     0.000 r  clk (IN)
                         net (fo=0)                   0.000     0.000    clk
    K17                  IBUF (Prop_ibuf_I_O)         1.492     1.492 r  clk_IBUF_inst/O
                         net (fo=1, routed)           2.076     3.568    clk_IBUF
    BUFGCTRL_X0Y16       BUFG (Prop_bufg_I_O)         0.101     3.669 r  clk_IBUF_BUFG_inst/O
                         net (fo=80, routed)          1.737     5.406    display_controller/CLK
    SLICE_X39Y57         FDRE                                         r  display_controller/segOut_reg[1]/C
  -------------------------------------------------------------------    -------------------
    SLICE_X39Y57         FDRE (Prop_fdre_C_Q)         0.456     5.862 r  display_controller/segOut_reg[1]/Q
                         net (fo=1, routed)           2.430     8.292    display_seg_OBUF[1]
    T15                  OBUF (Prop_obuf_I_O)         3.566    11.858 r  display_seg_OBUF[1]_inst/O
                         net (fo=0)                   0.000    11.858    display_seg[1]
    T15                                                               r  display_seg[1] (OUT)
  -------------------------------------------------------------------    -------------------

Slack:                    inf
  Source:                 C0/Col_reg[0]/C
                            (rising edge-triggered cell FDRE clocked by sys_clk_pin  {rise@0.000ns fall@4.000ns period=8.000ns})
  Destination:            JC[0]
                            (output port)
  Path Group:             (none)
  Path Type:              Max at Slow Process Corner
  Data Path Delay:        6.424ns  (logic 4.142ns (64.480%)  route 2.282ns (35.520%))
  Logic Levels:           1  (OBUF=1)
  Clock Uncertainty:      0.025ns  ((TSJ^2 + TIJ^2)^1/2 + DJ) / 2 + PE
    Total System Jitter     (TSJ):    0.050ns
    Total Input Jitter      (TIJ):    0.000ns
    Discrete Jitter          (DJ):    0.000ns
    Phase Error              (PE):    0.000ns

    Location             Delay type                Incr(ns)  Path(ns)    Netlist Resource(s)
  -------------------------------------------------------------------    -------------------
                         (clock sys_clk_pin rise edge)
                                                      0.000     0.000 r  
    K17                                               0.000     0.000 r  clk (IN)
                         net (fo=0)                   0.000     0.000    clk
    K17                  IBUF (Prop_ibuf_I_O)         1.492     1.492 r  clk_IBUF_inst/O
                         net (fo=1, routed)           2.076     3.568    clk_IBUF
    BUFGCTRL_X0Y16       BUFG (Prop_bufg_I_O)         0.101     3.669 r  clk_IBUF_BUFG_inst/O
                         net (fo=80, routed)          1.758     5.427    C0/clk_IBUF_BUFG
    SLICE_X42Y49         FDRE                                         r  C0/Col_reg[0]/C
  -------------------------------------------------------------------    -------------------
    SLICE_X42Y49         FDRE (Prop_fdre_C_Q)         0.518     5.945 r  C0/Col_reg[0]/Q
                         net (fo=1, routed)           2.282     8.226    JC_IBUF__0[0]
    V15                  OBUF (Prop_obuf_I_O)         3.624    11.850 r  JC_OBUF[0]_inst/O
                         net (fo=0)                   0.000    11.850    JC[0]
    V15                                                               r  JC[0] (INOUT)
  -------------------------------------------------------------------    -------------------

Slack:                    inf
  Source:                 display_controller/segOut_reg[0]/C
                            (rising edge-triggered cell FDRE clocked by sys_clk_pin  {rise@0.000ns fall@4.000ns period=8.000ns})
  Destination:            display_seg[0]
                            (output port)
  Path Group:             (none)
  Path Type:              Max at Slow Process Corner
  Data Path Delay:        6.433ns  (logic 4.019ns (62.481%)  route 2.413ns (37.519%))
  Logic Levels:           1  (OBUF=1)
  Clock Uncertainty:      0.025ns  ((TSJ^2 + TIJ^2)^1/2 + DJ) / 2 + PE
    Total System Jitter     (TSJ):    0.050ns
    Total Input Jitter      (TIJ):    0.000ns
    Discrete Jitter          (DJ):    0.000ns
    Phase Error              (PE):    0.000ns

    Location             Delay type                Incr(ns)  Path(ns)    Netlist Resource(s)
  -------------------------------------------------------------------    -------------------
                         (clock sys_clk_pin rise edge)
                                                      0.000     0.000 r  
    K17                                               0.000     0.000 r  clk (IN)
                         net (fo=0)                   0.000     0.000    clk
    K17                  IBUF (Prop_ibuf_I_O)         1.492     1.492 r  clk_IBUF_inst/O
                         net (fo=1, routed)           2.076     3.568    clk_IBUF
    BUFGCTRL_X0Y16       BUFG (Prop_bufg_I_O)         0.101     3.669 r  clk_IBUF_BUFG_inst/O
                         net (fo=80, routed)          1.737     5.406    display_controller/CLK
    SLICE_X39Y57         FDRE                                         r  display_controller/segOut_reg[0]/C
  -------------------------------------------------------------------    -------------------
    SLICE_X39Y57         FDRE (Prop_fdre_C_Q)         0.456     5.862 r  display_controller/segOut_reg[0]/Q
                         net (fo=1, routed)           2.413     8.275    display_seg_OBUF[0]
    T14                  OBUF (Prop_obuf_I_O)         3.563    11.838 r  display_seg_OBUF[0]_inst/O
                         net (fo=0)                   0.000    11.838    display_seg[0]
    T14                                                               r  display_seg[0] (OUT)
  -------------------------------------------------------------------    -------------------

Slack:                    inf
  Source:                 display_controller/segOut_reg[2]/C
                            (rising edge-triggered cell FDRE clocked by sys_clk_pin  {rise@0.000ns fall@4.000ns period=8.000ns})
  Destination:            display_seg[2]
                            (output port)
  Path Group:             (none)
  Path Type:              Max at Slow Process Corner
  Data Path Delay:        6.329ns  (logic 4.028ns (63.642%)  route 2.301ns (36.358%))
  Logic Levels:           1  (OBUF=1)
  Clock Uncertainty:      0.025ns  ((TSJ^2 + TIJ^2)^1/2 + DJ) / 2 + PE
    Total System Jitter     (TSJ):    0.050ns
    Total Input Jitter      (TIJ):    0.000ns
    Discrete Jitter          (DJ):    0.000ns
    Phase Error              (PE):    0.000ns

    Location             Delay type                Incr(ns)  Path(ns)    Netlist Resource(s)
  -------------------------------------------------------------------    -------------------
                         (clock sys_clk_pin rise edge)
                                                      0.000     0.000 r  
    K17                                               0.000     0.000 r  clk (IN)
                         net (fo=0)                   0.000     0.000    clk
    K17                  IBUF (Prop_ibuf_I_O)         1.492     1.492 r  clk_IBUF_inst/O
                         net (fo=1, routed)           2.076     3.568    clk_IBUF
    BUFGCTRL_X0Y16       BUFG (Prop_bufg_I_O)         0.101     3.669 r  clk_IBUF_BUFG_inst/O
                         net (fo=80, routed)          1.737     5.406    display_controller/CLK
    SLICE_X39Y57         FDRE                                         r  display_controller/segOut_reg[2]/C
  -------------------------------------------------------------------    -------------------
    SLICE_X39Y57         FDRE (Prop_fdre_C_Q)         0.456     5.862 r  display_controller/segOut_reg[2]/Q
                         net (fo=1, routed)           2.301     8.163    display_seg_OBUF[2]
    P14                  OBUF (Prop_obuf_I_O)         3.572    11.735 r  display_seg_OBUF[2]_inst/O
                         net (fo=0)                   0.000    11.735    display_seg[2]
    P14                                                               r  display_seg[2] (OUT)
  -------------------------------------------------------------------    -------------------

Slack:                    inf
  Source:                 display_controller/segOut_reg[4]/C
                            (rising edge-triggered cell FDRE clocked by sys_clk_pin  {rise@0.000ns fall@4.000ns period=8.000ns})
  Destination:            display_seg[4]
                            (output port)
  Path Group:             (none)
  Path Type:              Max at Slow Process Corner
  Data Path Delay:        6.293ns  (logic 4.043ns (64.258%)  route 2.249ns (35.742%))
  Logic Levels:           1  (OBUF=1)
  Clock Uncertainty:      0.025ns  ((TSJ^2 + TIJ^2)^1/2 + DJ) / 2 + PE
    Total System Jitter     (TSJ):    0.050ns
    Total Input Jitter      (TIJ):    0.000ns
    Discrete Jitter          (DJ):    0.000ns
    Phase Error              (PE):    0.000ns

    Location             Delay type                Incr(ns)  Path(ns)    Netlist Resource(s)
  -------------------------------------------------------------------    -------------------
                         (clock sys_clk_pin rise edge)
                                                      0.000     0.000 r  
    K17                                               0.000     0.000 r  clk (IN)
                         net (fo=0)                   0.000     0.000    clk
    K17                  IBUF (Prop_ibuf_I_O)         1.492     1.492 r  clk_IBUF_inst/O
                         net (fo=1, routed)           2.076     3.568    clk_IBUF
    BUFGCTRL_X0Y16       BUFG (Prop_bufg_I_O)         0.101     3.669 r  clk_IBUF_BUFG_inst/O
                         net (fo=80, routed)          1.740     5.409    display_controller/CLK
    SLICE_X40Y56         FDRE                                         r  display_controller/segOut_reg[4]/C
  -------------------------------------------------------------------    -------------------
    SLICE_X40Y56         FDRE (Prop_fdre_C_Q)         0.456     5.865 r  display_controller/segOut_reg[4]/Q
                         net (fo=1, routed)           2.249     8.114    display_seg_OBUF[4]
    V12                  OBUF (Prop_obuf_I_O)         3.587    11.701 r  display_seg_OBUF[4]_inst/O
                         net (fo=0)                   0.000    11.701    display_seg[4]
    V12                                                               r  display_seg[4] (OUT)
  -------------------------------------------------------------------    -------------------

Slack:                    inf
  Source:                 C0/Col_reg[2]/C
                            (rising edge-triggered cell FDRE clocked by sys_clk_pin  {rise@0.000ns fall@4.000ns period=8.000ns})
  Destination:            JC[2]
                            (output port)
  Path Group:             (none)
  Path Type:              Max at Slow Process Corner
  Data Path Delay:        6.083ns  (logic 4.275ns (70.281%)  route 1.808ns (29.719%))
  Logic Levels:           1  (OBUF=1)
  Clock Uncertainty:      0.025ns  ((TSJ^2 + TIJ^2)^1/2 + DJ) / 2 + PE
    Total System Jitter     (TSJ):    0.050ns
    Total Input Jitter      (TIJ):    0.000ns
    Discrete Jitter          (DJ):    0.000ns
    Phase Error              (PE):    0.000ns

    Location             Delay type                Incr(ns)  Path(ns)    Netlist Resource(s)
  -------------------------------------------------------------------    -------------------
                         (clock sys_clk_pin rise edge)
                                                      0.000     0.000 r  
    K17                                               0.000     0.000 r  clk (IN)
                         net (fo=0)                   0.000     0.000    clk
    K17                  IBUF (Prop_ibuf_I_O)         1.492     1.492 r  clk_IBUF_inst/O
                         net (fo=1, routed)           2.076     3.568    clk_IBUF
    BUFGCTRL_X0Y16       BUFG (Prop_bufg_I_O)         0.101     3.669 r  clk_IBUF_BUFG_inst/O
                         net (fo=80, routed)          1.758     5.427    C0/clk_IBUF_BUFG
    SLICE_X42Y49         FDRE                                         r  C0/Col_reg[2]/C
  -------------------------------------------------------------------    -------------------
    SLICE_X42Y49         FDRE (Prop_fdre_C_Q)         0.478     5.905 r  C0/Col_reg[2]/Q
                         net (fo=1, routed)           1.808     7.712    JC_IBUF__0[2]
    T11                  OBUF (Prop_obuf_I_O)         3.797    11.509 r  JC_OBUF[2]_inst/O
                         net (fo=0)                   0.000    11.509    JC[2]
    T11                                                               r  JC[2] (INOUT)
  -------------------------------------------------------------------    -------------------

Slack:                    inf
  Source:                 display_controller/segOut_reg[6]/C
                            (rising edge-triggered cell FDRE clocked by sys_clk_pin  {rise@0.000ns fall@4.000ns period=8.000ns})
  Destination:            display_seg[6]
                            (output port)
  Path Group:             (none)
  Path Type:              Max at Slow Process Corner
  Data Path Delay:        6.012ns  (logic 3.969ns (66.023%)  route 2.043ns (33.977%))
  Logic Levels:           1  (OBUF=1)
  Clock Uncertainty:      0.025ns  ((TSJ^2 + TIJ^2)^1/2 + DJ) / 2 + PE
    Total System Jitter     (TSJ):    0.050ns
    Total Input Jitter      (TIJ):    0.000ns
    Discrete Jitter          (DJ):    0.000ns
    Phase Error              (PE):    0.000ns

    Location             Delay type                Incr(ns)  Path(ns)    Netlist Resource(s)
  -------------------------------------------------------------------    -------------------
                         (clock sys_clk_pin rise edge)
                                                      0.000     0.000 r  
    K17                                               0.000     0.000 r  clk (IN)
                         net (fo=0)                   0.000     0.000    clk
    K17                  IBUF (Prop_ibuf_I_O)         1.492     1.492 r  clk_IBUF_inst/O
                         net (fo=1, routed)           2.076     3.568    clk_IBUF
    BUFGCTRL_X0Y16       BUFG (Prop_bufg_I_O)         0.101     3.669 r  clk_IBUF_BUFG_inst/O
                         net (fo=80, routed)          1.737     5.406    display_controller/CLK
    SLICE_X39Y57         FDRE                                         r  display_controller/segOut_reg[6]/C
  -------------------------------------------------------------------    -------------------
    SLICE_X39Y57         FDRE (Prop_fdre_C_Q)         0.456     5.862 r  display_controller/segOut_reg[6]/Q
                         net (fo=1, routed)           2.043     7.904    display_seg_OBUF[6]
    J15                  OBUF (Prop_obuf_I_O)         3.513    11.417 r  display_seg_OBUF[6]_inst/O
                         net (fo=0)                   0.000    11.417    display_seg[6]
    J15                                                               r  display_seg[6] (OUT)
  -------------------------------------------------------------------    -------------------





Min Delay Paths
--------------------------------------------------------------------------------------
Slack:                    inf
  Source:                 display_controller/sevenSegSelect_reg/C
                            (rising edge-triggered cell FDRE clocked by sys_clk_pin  {rise@0.000ns fall@4.000ns period=8.000ns})
  Destination:            sevenSegSelect
                            (output port)
  Path Group:             (none)
  Path Type:              Min at Fast Process Corner
  Data Path Delay:        1.748ns  (logic 1.358ns (77.649%)  route 0.391ns (22.351%))
  Logic Levels:           1  (OBUF=1)
  Clock Uncertainty:      0.025ns  ((TSJ^2 + TIJ^2)^1/2 + DJ) / 2 + PE
    Total System Jitter     (TSJ):    0.050ns
    Total Input Jitter      (TIJ):    0.000ns
    Discrete Jitter          (DJ):    0.000ns
    Phase Error              (PE):    0.000ns

    Location             Delay type                Incr(ns)  Path(ns)    Netlist Resource(s)
  -------------------------------------------------------------------    -------------------
                         (clock sys_clk_pin rise edge)
                                                      0.000     0.000 r  
    K17                                               0.000     0.000 r  clk (IN)
                         net (fo=0)                   0.000     0.000    clk
    K17                  IBUF (Prop_ibuf_I_O)         0.259     0.259 r  clk_IBUF_inst/O
                         net (fo=1, routed)           0.627     0.887    clk_IBUF
    BUFGCTRL_X0Y16       BUFG (Prop_bufg_I_O)         0.026     0.913 r  clk_IBUF_BUFG_inst/O
                         net (fo=80, routed)          0.587     1.499    display_controller/CLK
    SLICE_X41Y58         FDRE                                         r  display_controller/sevenSegSelect_reg/C
  -------------------------------------------------------------------    -------------------
    SLICE_X41Y58         FDRE (Prop_fdre_C_Q)         0.141     1.640 r  display_controller/sevenSegSelect_reg/Q
                         net (fo=9, routed)           0.391     2.031    sevenSegSelect_OBUF
    H15                  OBUF (Prop_obuf_I_O)         1.217     3.248 r  sevenSegSelect_OBUF_inst/O
                         net (fo=0)                   0.000     3.248    sevenSegSelect
    H15                                                               r  sevenSegSelect (OUT)
  -------------------------------------------------------------------    -------------------

Slack:                    inf
  Source:                 display_controller/segOut_reg[6]/C
                            (rising edge-triggered cell FDRE clocked by sys_clk_pin  {rise@0.000ns fall@4.000ns period=8.000ns})
  Destination:            display_seg[6]
                            (output port)
  Path Group:             (none)
  Path Type:              Min at Fast Process Corner
  Data Path Delay:        1.837ns  (logic 1.355ns (73.780%)  route 0.482ns (26.220%))
  Logic Levels:           1  (OBUF=1)
  Clock Uncertainty:      0.025ns  ((TSJ^2 + TIJ^2)^1/2 + DJ) / 2 + PE
    Total System Jitter     (TSJ):    0.050ns
    Total Input Jitter      (TIJ):    0.000ns
    Discrete Jitter          (DJ):    0.000ns
    Phase Error              (PE):    0.000ns

    Location             Delay type                Incr(ns)  Path(ns)    Netlist Resource(s)
  -------------------------------------------------------------------    -------------------
                         (clock sys_clk_pin rise edge)
                                                      0.000     0.000 r  
    K17                                               0.000     0.000 r  clk (IN)
                         net (fo=0)                   0.000     0.000    clk
    K17                  IBUF (Prop_ibuf_I_O)         0.259     0.259 r  clk_IBUF_inst/O
                         net (fo=1, routed)           0.627     0.887    clk_IBUF
    BUFGCTRL_X0Y16       BUFG (Prop_bufg_I_O)         0.026     0.913 r  clk_IBUF_BUFG_inst/O
                         net (fo=80, routed)          0.585     1.497    display_controller/CLK
    SLICE_X39Y57         FDRE                                         r  display_controller/segOut_reg[6]/C
  -------------------------------------------------------------------    -------------------
    SLICE_X39Y57         FDRE (Prop_fdre_C_Q)         0.141     1.638 r  display_controller/segOut_reg[6]/Q
                         net (fo=1, routed)           0.482     2.120    display_seg_OBUF[6]
    J15                  OBUF (Prop_obuf_I_O)         1.214     3.334 r  display_seg_OBUF[6]_inst/O
                         net (fo=0)                   0.000     3.334    display_seg[6]
    J15                                                               r  display_seg[6] (OUT)
  -------------------------------------------------------------------    -------------------

Slack:                    inf
  Source:                 C0/Col_reg[3]/C
                            (rising edge-triggered cell FDRE clocked by sys_clk_pin  {rise@0.000ns fall@4.000ns period=8.000ns})
  Destination:            JC[3]
                            (output port)
  Path Group:             (none)
  Path Type:              Min at Fast Process Corner
  Data Path Delay:        1.846ns  (logic 1.476ns (79.984%)  route 0.369ns (20.016%))
  Logic Levels:           1  (OBUF=1)
  Clock Uncertainty:      0.025ns  ((TSJ^2 + TIJ^2)^1/2 + DJ) / 2 + PE
    Total System Jitter     (TSJ):    0.050ns
    Total Input Jitter      (TIJ):    0.000ns
    Discrete Jitter          (DJ):    0.000ns
    Phase Error              (PE):    0.000ns

    Location             Delay type                Incr(ns)  Path(ns)    Netlist Resource(s)
  -------------------------------------------------------------------    -------------------
                         (clock sys_clk_pin rise edge)
                                                      0.000     0.000 r  
    K17                                               0.000     0.000 r  clk (IN)
                         net (fo=0)                   0.000     0.000    clk
    K17                  IBUF (Prop_ibuf_I_O)         0.259     0.259 r  clk_IBUF_inst/O
                         net (fo=1, routed)           0.627     0.887    clk_IBUF
    BUFGCTRL_X0Y16       BUFG (Prop_bufg_I_O)         0.026     0.913 r  clk_IBUF_BUFG_inst/O
                         net (fo=80, routed)          0.595     1.507    C0/clk_IBUF_BUFG
    SLICE_X42Y49         FDRE                                         r  C0/Col_reg[3]/C
  -------------------------------------------------------------------    -------------------
    SLICE_X42Y49         FDRE (Prop_fdre_C_Q)         0.164     1.671 r  C0/Col_reg[3]/Q
                         net (fo=1, routed)           0.369     2.041    JC_IBUF__0[3]
    T10                  OBUF (Prop_obuf_I_O)         1.312     3.353 r  JC_OBUF[3]_inst/O
                         net (fo=0)                   0.000     3.353    JC[3]
    T10                                                               r  JC[3] (INOUT)
  -------------------------------------------------------------------    -------------------

Slack:                    inf
  Source:                 C0/Col_reg[2]/C
                            (rising edge-triggered cell FDRE clocked by sys_clk_pin  {rise@0.000ns fall@4.000ns period=8.000ns})
  Destination:            JC[2]
                            (output port)
  Path Group:             (none)
  Path Type:              Min at Fast Process Corner
  Data Path Delay:        1.917ns  (logic 1.522ns (79.408%)  route 0.395ns (20.592%))
  Logic Levels:           1  (OBUF=1)
  Clock Uncertainty:      0.025ns  ((TSJ^2 + TIJ^2)^1/2 + DJ) / 2 + PE
    Total System Jitter     (TSJ):    0.050ns
    Total Input Jitter      (TIJ):    0.000ns
    Discrete Jitter          (DJ):    0.000ns
    Phase Error              (PE):    0.000ns

    Location             Delay type                Incr(ns)  Path(ns)    Netlist Resource(s)
  -------------------------------------------------------------------    -------------------
                         (clock sys_clk_pin rise edge)
                                                      0.000     0.000 r  
    K17                                               0.000     0.000 r  clk (IN)
                         net (fo=0)                   0.000     0.000    clk
    K17                  IBUF (Prop_ibuf_I_O)         0.259     0.259 r  clk_IBUF_inst/O
                         net (fo=1, routed)           0.627     0.887    clk_IBUF
    BUFGCTRL_X0Y16       BUFG (Prop_bufg_I_O)         0.026     0.913 r  clk_IBUF_BUFG_inst/O
                         net (fo=80, routed)          0.595     1.507    C0/clk_IBUF_BUFG
    SLICE_X42Y49         FDRE                                         r  C0/Col_reg[2]/C
  -------------------------------------------------------------------    -------------------
    SLICE_X42Y49         FDRE (Prop_fdre_C_Q)         0.148     1.655 r  C0/Col_reg[2]/Q
                         net (fo=1, routed)           0.395     2.050    JC_IBUF__0[2]
    T11                  OBUF (Prop_obuf_I_O)         1.374     3.424 r  JC_OBUF[2]_inst/O
                         net (fo=0)                   0.000     3.424    JC[2]
    T11                                                               r  JC[2] (INOUT)
  -------------------------------------------------------------------    -------------------

Slack:                    inf
  Source:                 display_controller/segOut_reg[4]/C
                            (rising edge-triggered cell FDRE clocked by sys_clk_pin  {rise@0.000ns fall@4.000ns period=8.000ns})
  Destination:            display_seg[4]
                            (output port)
  Path Group:             (none)
  Path Type:              Min at Fast Process Corner
  Data Path Delay:        2.004ns  (logic 1.429ns (71.302%)  route 0.575ns (28.698%))
  Logic Levels:           1  (OBUF=1)
  Clock Uncertainty:      0.025ns  ((TSJ^2 + TIJ^2)^1/2 + DJ) / 2 + PE
    Total System Jitter     (TSJ):    0.050ns
    Total Input Jitter      (TIJ):    0.000ns
    Discrete Jitter          (DJ):    0.000ns
    Phase Error              (PE):    0.000ns

    Location             Delay type                Incr(ns)  Path(ns)    Netlist Resource(s)
  -------------------------------------------------------------------    -------------------
                         (clock sys_clk_pin rise edge)
                                                      0.000     0.000 r  
    K17                                               0.000     0.000 r  clk (IN)
                         net (fo=0)                   0.000     0.000    clk
    K17                  IBUF (Prop_ibuf_I_O)         0.259     0.259 r  clk_IBUF_inst/O
                         net (fo=1, routed)           0.627     0.887    clk_IBUF
    BUFGCTRL_X0Y16       BUFG (Prop_bufg_I_O)         0.026     0.913 r  clk_IBUF_BUFG_inst/O
                         net (fo=80, routed)          0.588     1.500    display_controller/CLK
    SLICE_X40Y56         FDRE                                         r  display_controller/segOut_reg[4]/C
  -------------------------------------------------------------------    -------------------
    SLICE_X40Y56         FDRE (Prop_fdre_C_Q)         0.141     1.641 r  display_controller/segOut_reg[4]/Q
                         net (fo=1, routed)           0.575     2.216    display_seg_OBUF[4]
    V12                  OBUF (Prop_obuf_I_O)         1.288     3.504 r  display_seg_OBUF[4]_inst/O
                         net (fo=0)                   0.000     3.504    display_seg[4]
    V12                                                               r  display_seg[4] (OUT)
  -------------------------------------------------------------------    -------------------

Slack:                    inf
  Source:                 display_controller/segOut_reg[2]/C
                            (rising edge-triggered cell FDRE clocked by sys_clk_pin  {rise@0.000ns fall@4.000ns period=8.000ns})
  Destination:            display_seg[2]
                            (output port)
  Path Group:             (none)
  Path Type:              Min at Fast Process Corner
  Data Path Delay:        2.007ns  (logic 1.414ns (70.440%)  route 0.593ns (29.560%))
  Logic Levels:           1  (OBUF=1)
  Clock Uncertainty:      0.025ns  ((TSJ^2 + TIJ^2)^1/2 + DJ) / 2 + PE
    Total System Jitter     (TSJ):    0.050ns
    Total Input Jitter      (TIJ):    0.000ns
    Discrete Jitter          (DJ):    0.000ns
    Phase Error              (PE):    0.000ns

    Location             Delay type                Incr(ns)  Path(ns)    Netlist Resource(s)
  -------------------------------------------------------------------    -------------------
                         (clock sys_clk_pin rise edge)
                                                      0.000     0.000 r  
    K17                                               0.000     0.000 r  clk (IN)
                         net (fo=0)                   0.000     0.000    clk
    K17                  IBUF (Prop_ibuf_I_O)         0.259     0.259 r  clk_IBUF_inst/O
                         net (fo=1, routed)           0.627     0.887    clk_IBUF
    BUFGCTRL_X0Y16       BUFG (Prop_bufg_I_O)         0.026     0.913 r  clk_IBUF_BUFG_inst/O
                         net (fo=80, routed)          0.585     1.497    display_controller/CLK
    SLICE_X39Y57         FDRE                                         r  display_controller/segOut_reg[2]/C
  -------------------------------------------------------------------    -------------------
    SLICE_X39Y57         FDRE (Prop_fdre_C_Q)         0.141     1.638 r  display_controller/segOut_reg[2]/Q
                         net (fo=1, routed)           0.593     2.232    display_seg_OBUF[2]
    P14                  OBUF (Prop_obuf_I_O)         1.273     3.504 r  display_seg_OBUF[2]_inst/O
                         net (fo=0)                   0.000     3.504    display_seg[2]
    P14                                                               r  display_seg[2] (OUT)
  -------------------------------------------------------------------    -------------------

Slack:                    inf
  Source:                 display_controller/segOut_reg[3]/C
                            (rising edge-triggered cell FDRE clocked by sys_clk_pin  {rise@0.000ns fall@4.000ns period=8.000ns})
  Destination:            display_seg[3]
                            (output port)
  Path Group:             (none)
  Path Type:              Min at Fast Process Corner
  Data Path Delay:        2.047ns  (logic 1.409ns (68.811%)  route 0.639ns (31.189%))
  Logic Levels:           1  (OBUF=1)
  Clock Uncertainty:      0.025ns  ((TSJ^2 + TIJ^2)^1/2 + DJ) / 2 + PE
    Total System Jitter     (TSJ):    0.050ns
    Total Input Jitter      (TIJ):    0.000ns
    Discrete Jitter          (DJ):    0.000ns
    Phase Error              (PE):    0.000ns

    Location             Delay type                Incr(ns)  Path(ns)    Netlist Resource(s)
  -------------------------------------------------------------------    -------------------
                         (clock sys_clk_pin rise edge)
                                                      0.000     0.000 r  
    K17                                               0.000     0.000 r  clk (IN)
                         net (fo=0)                   0.000     0.000    clk
    K17                  IBUF (Prop_ibuf_I_O)         0.259     0.259 r  clk_IBUF_inst/O
                         net (fo=1, routed)           0.627     0.887    clk_IBUF
    BUFGCTRL_X0Y16       BUFG (Prop_bufg_I_O)         0.026     0.913 r  clk_IBUF_BUFG_inst/O
                         net (fo=80, routed)          0.588     1.500    display_controller/CLK
    SLICE_X40Y56         FDRE                                         r  display_controller/segOut_reg[3]/C
  -------------------------------------------------------------------    -------------------
    SLICE_X40Y56         FDRE (Prop_fdre_C_Q)         0.141     1.641 r  display_controller/segOut_reg[3]/Q
                         net (fo=1, routed)           0.639     2.280    display_seg_OBUF[3]
    R14                  OBUF (Prop_obuf_I_O)         1.268     3.548 r  display_seg_OBUF[3]_inst/O
                         net (fo=0)                   0.000     3.548    display_seg[3]
    R14                                                               r  display_seg[3] (OUT)
  -------------------------------------------------------------------    -------------------

Slack:                    inf
  Source:                 display_controller/segOut_reg[0]/C
                            (rising edge-triggered cell FDRE clocked by sys_clk_pin  {rise@0.000ns fall@4.000ns period=8.000ns})
  Destination:            display_seg[0]
                            (output port)
  Path Group:             (none)
  Path Type:              Min at Fast Process Corner
  Data Path Delay:        2.054ns  (logic 1.405ns (68.385%)  route 0.649ns (31.615%))
  Logic Levels:           1  (OBUF=1)
  Clock Uncertainty:      0.025ns  ((TSJ^2 + TIJ^2)^1/2 + DJ) / 2 + PE
    Total System Jitter     (TSJ):    0.050ns
    Total Input Jitter      (TIJ):    0.000ns
    Discrete Jitter          (DJ):    0.000ns
    Phase Error              (PE):    0.000ns

    Location             Delay type                Incr(ns)  Path(ns)    Netlist Resource(s)
  -------------------------------------------------------------------    -------------------
                         (clock sys_clk_pin rise edge)
                                                      0.000     0.000 r  
    K17                                               0.000     0.000 r  clk (IN)
                         net (fo=0)                   0.000     0.000    clk
    K17                  IBUF (Prop_ibuf_I_O)         0.259     0.259 r  clk_IBUF_inst/O
                         net (fo=1, routed)           0.627     0.887    clk_IBUF
    BUFGCTRL_X0Y16       BUFG (Prop_bufg_I_O)         0.026     0.913 r  clk_IBUF_BUFG_inst/O
                         net (fo=80, routed)          0.585     1.497    display_controller/CLK
    SLICE_X39Y57         FDRE                                         r  display_controller/segOut_reg[0]/C
  -------------------------------------------------------------------    -------------------
    SLICE_X39Y57         FDRE (Prop_fdre_C_Q)         0.141     1.638 r  display_controller/segOut_reg[0]/Q
                         net (fo=1, routed)           0.649     2.288    display_seg_OBUF[0]
    T14                  OBUF (Prop_obuf_I_O)         1.264     3.552 r  display_seg_OBUF[0]_inst/O
                         net (fo=0)                   0.000     3.552    display_seg[0]
    T14                                                               r  display_seg[0] (OUT)
  -------------------------------------------------------------------    -------------------

Slack:                    inf
  Source:                 display_controller/segOut_reg[1]/C
                            (rising edge-triggered cell FDRE clocked by sys_clk_pin  {rise@0.000ns fall@4.000ns period=8.000ns})
  Destination:            display_seg[1]
                            (output port)
  Path Group:             (none)
  Path Type:              Min at Fast Process Corner
  Data Path Delay:        2.059ns  (logic 1.408ns (68.369%)  route 0.651ns (31.631%))
  Logic Levels:           1  (OBUF=1)
  Clock Uncertainty:      0.025ns  ((TSJ^2 + TIJ^2)^1/2 + DJ) / 2 + PE
    Total System Jitter     (TSJ):    0.050ns
    Total Input Jitter      (TIJ):    0.000ns
    Discrete Jitter          (DJ):    0.000ns
    Phase Error              (PE):    0.000ns

    Location             Delay type                Incr(ns)  Path(ns)    Netlist Resource(s)
  -------------------------------------------------------------------    -------------------
                         (clock sys_clk_pin rise edge)
                                                      0.000     0.000 r  
    K17                                               0.000     0.000 r  clk (IN)
                         net (fo=0)                   0.000     0.000    clk
    K17                  IBUF (Prop_ibuf_I_O)         0.259     0.259 r  clk_IBUF_inst/O
                         net (fo=1, routed)           0.627     0.887    clk_IBUF
    BUFGCTRL_X0Y16       BUFG (Prop_bufg_I_O)         0.026     0.913 r  clk_IBUF_BUFG_inst/O
                         net (fo=80, routed)          0.585     1.497    display_controller/CLK
    SLICE_X39Y57         FDRE                                         r  display_controller/segOut_reg[1]/C
  -------------------------------------------------------------------    -------------------
    SLICE_X39Y57         FDRE (Prop_fdre_C_Q)         0.141     1.638 r  display_controller/segOut_reg[1]/Q
                         net (fo=1, routed)           0.651     2.290    display_seg_OBUF[1]
    T15                  OBUF (Prop_obuf_I_O)         1.267     3.556 r  display_seg_OBUF[1]_inst/O
                         net (fo=0)                   0.000     3.556    display_seg[1]
    T15                                                               r  display_seg[1] (OUT)
  -------------------------------------------------------------------    -------------------

Slack:                    inf
  Source:                 C0/Col_reg[0]/C
                            (rising edge-triggered cell FDRE clocked by sys_clk_pin  {rise@0.000ns fall@4.000ns period=8.000ns})
  Destination:            JC[0]
                            (output port)
  Path Group:             (none)
  Path Type:              Min at Fast Process Corner
  Data Path Delay:        2.080ns  (logic 1.488ns (71.514%)  route 0.593ns (28.486%))
  Logic Levels:           1  (OBUF=1)
  Clock Uncertainty:      0.025ns  ((TSJ^2 + TIJ^2)^1/2 + DJ) / 2 + PE
    Total System Jitter     (TSJ):    0.050ns
    Total Input Jitter      (TIJ):    0.000ns
    Discrete Jitter          (DJ):    0.000ns
    Phase Error              (PE):    0.000ns

    Location             Delay type                Incr(ns)  Path(ns)    Netlist Resource(s)
  -------------------------------------------------------------------    -------------------
                         (clock sys_clk_pin rise edge)
                                                      0.000     0.000 r  
    K17                                               0.000     0.000 r  clk (IN)
                         net (fo=0)                   0.000     0.000    clk
    K17                  IBUF (Prop_ibuf_I_O)         0.259     0.259 r  clk_IBUF_inst/O
                         net (fo=1, routed)           0.627     0.887    clk_IBUF
    BUFGCTRL_X0Y16       BUFG (Prop_bufg_I_O)         0.026     0.913 r  clk_IBUF_BUFG_inst/O
                         net (fo=80, routed)          0.595     1.507    C0/clk_IBUF_BUFG
    SLICE_X42Y49         FDRE                                         r  C0/Col_reg[0]/C
  -------------------------------------------------------------------    -------------------
    SLICE_X42Y49         FDRE (Prop_fdre_C_Q)         0.164     1.671 r  C0/Col_reg[0]/Q
                         net (fo=1, routed)           0.593     2.264    JC_IBUF__0[0]
    V15                  OBUF (Prop_obuf_I_O)         1.324     3.588 r  JC_OBUF[0]_inst/O
                         net (fo=0)                   0.000     3.588    JC[0]
    V15                                                               r  JC[0] (INOUT)
  -------------------------------------------------------------------    -------------------





--------------------------------------------------------------------------------------
Path Group:  (none)
From Clock:  
  To Clock:  sys_clk_pin

Max Delay             5 Endpoints
Min Delay             5 Endpoints
--------------------------------------------------------------------------------------


Max Delay Paths
--------------------------------------------------------------------------------------
Slack:                    inf
  Source:                 JC[4]
                            (input port)
  Destination:            C0/DetectedDigit_reg[3]/D
                            (rising edge-triggered cell FDRE clocked by sys_clk_pin  {rise@0.000ns fall@4.000ns period=8.000ns})
  Path Group:             (none)
  Path Type:              Setup (Max at Slow Process Corner)
  Data Path Delay:        7.785ns  (logic 2.439ns (31.325%)  route 5.347ns (68.675%))
  Logic Levels:           6  (IBUF=1 LUT4=1 LUT5=1 LUT6=3)
  Clock Path Skew:        4.956ns (DCD - SCD + CPR)
    Destination Clock Delay (DCD):    4.956ns
    Source Clock Delay      (SCD):    0.000ns
    Clock Pessimism Removal (CPR):    0.000ns
  Clock Uncertainty:      0.025ns  ((TSJ^2 + TIJ^2)^1/2 + DJ) / 2 + PE
    Total System Jitter     (TSJ):    0.050ns
    Total Input Jitter      (TIJ):    0.000ns
    Discrete Jitter          (DJ):    0.000ns
    Phase Error              (PE):    0.000ns

    Location             Delay type                Incr(ns)  Path(ns)    Netlist Resource(s)
  -------------------------------------------------------------------    -------------------
    W14                                               0.000     0.000 f  JC[4] (INOUT)
                         net (fo=0)                   0.000     0.000    JC[4]
    W14                  IBUF (Prop_ibuf_I_O)         1.583     1.583 f  JC_IBUF[4]_inst/O
                         net (fo=20, routed)          2.870     4.453    C0/JC_IBUF[0]
    SLICE_X43Y50         LUT4 (Prop_lut4_I1_O)        0.152     4.605 r  C0/DetectedDigit[2]_i_13/O
                         net (fo=5, routed)           1.035     5.640    C0/DetectedDigit[2]_i_13_n_0
    SLICE_X41Y51         LUT6 (Prop_lut6_I5_O)        0.332     5.972 r  C0/DetectedDigit[3]_i_8/O
                         net (fo=1, routed)           0.845     6.816    C0/p_2_in[3]
    SLICE_X41Y51         LUT6 (Prop_lut6_I0_O)        0.124     6.940 r  C0/DetectedDigit[3]_i_4/O
                         net (fo=2, routed)           0.302     7.242    C0/DetectedDigit[3]_i_4_n_0
    SLICE_X41Y52         LUT6 (Prop_lut6_I2_O)        0.124     7.366 r  C0/DetectedDigit[3]_i_3/O
                         net (fo=1, routed)           0.295     7.661    C0/DetectedDigit[3]_i_3_n_0
    SLICE_X41Y51         LUT5 (Prop_lut5_I1_O)        0.124     7.785 r  C0/DetectedDigit[3]_i_1/O
                         net (fo=1, routed)           0.000     7.785    C0/DetectedDigit[3]_i_1_n_0
    SLICE_X41Y51         FDRE                                         r  C0/DetectedDigit_reg[3]/D
  -------------------------------------------------------------------    -------------------

                         (clock sys_clk_pin rise edge)
                                                      0.000     0.000 r  
    K17                                               0.000     0.000 r  clk (IN)
                         net (fo=0)                   0.000     0.000    clk
    K17                  IBUF (Prop_ibuf_I_O)         1.421     1.421 r  clk_IBUF_inst/O
                         net (fo=1, routed)           1.880     3.301    clk_IBUF
    BUFGCTRL_X0Y16       BUFG (Prop_bufg_I_O)         0.091     3.392 r  clk_IBUF_BUFG_inst/O
                         net (fo=80, routed)          1.564     4.956    C0/clk_IBUF_BUFG
    SLICE_X41Y51         FDRE                                         r  C0/DetectedDigit_reg[3]/C

Slack:                    inf
  Source:                 JC[4]
                            (input port)
  Destination:            C0/DetectedDigit_reg[1]/D
                            (rising edge-triggered cell FDRE clocked by sys_clk_pin  {rise@0.000ns fall@4.000ns period=8.000ns})
  Path Group:             (none)
  Path Type:              Setup (Max at Slow Process Corner)
  Data Path Delay:        7.451ns  (logic 2.315ns (31.069%)  route 5.136ns (68.931%))
  Logic Levels:           5  (IBUF=1 LUT4=1 LUT6=3)
  Clock Path Skew:        4.956ns (DCD - SCD + CPR)
    Destination Clock Delay (DCD):    4.956ns
    Source Clock Delay      (SCD):    0.000ns
    Clock Pessimism Removal (CPR):    0.000ns
  Clock Uncertainty:      0.025ns  ((TSJ^2 + TIJ^2)^1/2 + DJ) / 2 + PE
    Total System Jitter     (TSJ):    0.050ns
    Total Input Jitter      (TIJ):    0.000ns
    Discrete Jitter          (DJ):    0.000ns
    Phase Error              (PE):    0.000ns

    Location             Delay type                Incr(ns)  Path(ns)    Netlist Resource(s)
  -------------------------------------------------------------------    -------------------
    W14                                               0.000     0.000 r  JC[4] (INOUT)
                         net (fo=0)                   0.000     0.000    JC[4]
    W14                  IBUF (Prop_ibuf_I_O)         1.583     1.583 r  JC_IBUF[4]_inst/O
                         net (fo=20, routed)          2.870     4.453    C0/JC_IBUF[0]
    SLICE_X43Y50         LUT4 (Prop_lut4_I1_O)        0.152     4.605 f  C0/DetectedDigit[2]_i_13/O
                         net (fo=5, routed)           0.835     5.440    C0/DetectedDigit[2]_i_13_n_0
    SLICE_X43Y51         LUT6 (Prop_lut6_I5_O)        0.332     5.772 r  C0/DetectedDigit[1]_i_5/O
                         net (fo=1, routed)           0.998     6.770    C0/DetectedDigit[1]_i_5_n_0
    SLICE_X43Y52         LUT6 (Prop_lut6_I1_O)        0.124     6.894 r  C0/DetectedDigit[1]_i_2/O
                         net (fo=1, routed)           0.433     7.327    C0/DetectedDigit[1]_i_2_n_0
    SLICE_X43Y52         LUT6 (Prop_lut6_I4_O)        0.124     7.451 r  C0/DetectedDigit[1]_i_1/O
                         net (fo=1, routed)           0.000     7.451    C0/DetectedDigit[1]_i_1_n_0
    SLICE_X43Y52         FDRE                                         r  C0/DetectedDigit_reg[1]/D
  -------------------------------------------------------------------    -------------------

                         (clock sys_clk_pin rise edge)
                                                      0.000     0.000 r  
    K17                                               0.000     0.000 r  clk (IN)
                         net (fo=0)                   0.000     0.000    clk
    K17                  IBUF (Prop_ibuf_I_O)         1.421     1.421 r  clk_IBUF_inst/O
                         net (fo=1, routed)           1.880     3.301    clk_IBUF
    BUFGCTRL_X0Y16       BUFG (Prop_bufg_I_O)         0.091     3.392 r  clk_IBUF_BUFG_inst/O
                         net (fo=80, routed)          1.564     4.956    C0/clk_IBUF_BUFG
    SLICE_X43Y52         FDRE                                         r  C0/DetectedDigit_reg[1]/C

Slack:                    inf
  Source:                 JC[4]
                            (input port)
  Destination:            C0/DetectedDigit_reg[0]/D
                            (rising edge-triggered cell FDRE clocked by sys_clk_pin  {rise@0.000ns fall@4.000ns period=8.000ns})
  Path Group:             (none)
  Path Type:              Setup (Max at Slow Process Corner)
  Data Path Delay:        6.948ns  (logic 2.315ns (33.316%)  route 4.633ns (66.684%))
  Logic Levels:           5  (IBUF=1 LUT4=2 LUT6=2)
  Clock Path Skew:        4.956ns (DCD - SCD + CPR)
    Destination Clock Delay (DCD):    4.956ns
    Source Clock Delay      (SCD):    0.000ns
    Clock Pessimism Removal (CPR):    0.000ns
  Clock Uncertainty:      0.025ns  ((TSJ^2 + TIJ^2)^1/2 + DJ) / 2 + PE
    Total System Jitter     (TSJ):    0.050ns
    Total Input Jitter      (TIJ):    0.000ns
    Discrete Jitter          (DJ):    0.000ns
    Phase Error              (PE):    0.000ns

    Location             Delay type                Incr(ns)  Path(ns)    Netlist Resource(s)
  -------------------------------------------------------------------    -------------------
    W14                                               0.000     0.000 r  JC[4] (INOUT)
                         net (fo=0)                   0.000     0.000    JC[4]
    W14                  IBUF (Prop_ibuf_I_O)         1.583     1.583 r  JC_IBUF[4]_inst/O
                         net (fo=20, routed)          2.870     4.453    C0/JC_IBUF[0]
    SLICE_X43Y50         LUT4 (Prop_lut4_I1_O)        0.152     4.605 f  C0/DetectedDigit[2]_i_13/O
                         net (fo=5, routed)           0.622     5.227    C0/DetectedDigit[2]_i_13_n_0
    SLICE_X41Y51         LUT4 (Prop_lut4_I3_O)        0.332     5.559 r  C0/DetectedDigit[2]_i_9/O
                         net (fo=2, routed)           0.507     6.066    C0/DetectedDigit[2]_i_9_n_0
    SLICE_X40Y51         LUT6 (Prop_lut6_I5_O)        0.124     6.190 r  C0/DetectedDigit[2]_i_2/O
                         net (fo=2, routed)           0.634     6.824    C0/p_1_in[2]
    SLICE_X40Y51         LUT6 (Prop_lut6_I1_O)        0.124     6.948 r  C0/DetectedDigit[0]_i_1/O
                         net (fo=1, routed)           0.000     6.948    C0/DetectedDigit[0]_i_1_n_0
    SLICE_X40Y51         FDRE                                         r  C0/DetectedDigit_reg[0]/D
  -------------------------------------------------------------------    -------------------

                         (clock sys_clk_pin rise edge)
                                                      0.000     0.000 r  
    K17                                               0.000     0.000 r  clk (IN)
                         net (fo=0)                   0.000     0.000    clk
    K17                  IBUF (Prop_ibuf_I_O)         1.421     1.421 r  clk_IBUF_inst/O
                         net (fo=1, routed)           1.880     3.301    clk_IBUF
    BUFGCTRL_X0Y16       BUFG (Prop_bufg_I_O)         0.091     3.392 r  clk_IBUF_BUFG_inst/O
                         net (fo=80, routed)          1.564     4.956    C0/clk_IBUF_BUFG
    SLICE_X40Y51         FDRE                                         r  C0/DetectedDigit_reg[0]/C

Slack:                    inf
  Source:                 JC[4]
                            (input port)
  Destination:            C0/DetectedDigit_reg[2]/D
                            (rising edge-triggered cell FDRE clocked by sys_clk_pin  {rise@0.000ns fall@4.000ns period=8.000ns})
  Path Group:             (none)
  Path Type:              Setup (Max at Slow Process Corner)
  Data Path Delay:        6.922ns  (logic 2.315ns (33.441%)  route 4.607ns (66.559%))
  Logic Levels:           5  (IBUF=1 LUT4=2 LUT6=2)
  Clock Path Skew:        4.956ns (DCD - SCD + CPR)
    Destination Clock Delay (DCD):    4.956ns
    Source Clock Delay      (SCD):    0.000ns
    Clock Pessimism Removal (CPR):    0.000ns
  Clock Uncertainty:      0.025ns  ((TSJ^2 + TIJ^2)^1/2 + DJ) / 2 + PE
    Total System Jitter     (TSJ):    0.050ns
    Total Input Jitter      (TIJ):    0.000ns
    Discrete Jitter          (DJ):    0.000ns
    Phase Error              (PE):    0.000ns

    Location             Delay type                Incr(ns)  Path(ns)    Netlist Resource(s)
  -------------------------------------------------------------------    -------------------
    W14                                               0.000     0.000 r  JC[4] (INOUT)
                         net (fo=0)                   0.000     0.000    JC[4]
    W14                  IBUF (Prop_ibuf_I_O)         1.583     1.583 r  JC_IBUF[4]_inst/O
                         net (fo=20, routed)          2.870     4.453    C0/JC_IBUF[0]
    SLICE_X43Y50         LUT4 (Prop_lut4_I1_O)        0.152     4.605 f  C0/DetectedDigit[2]_i_13/O
                         net (fo=5, routed)           0.622     5.227    C0/DetectedDigit[2]_i_13_n_0
    SLICE_X41Y51         LUT4 (Prop_lut4_I3_O)        0.332     5.559 r  C0/DetectedDigit[2]_i_9/O
                         net (fo=2, routed)           0.507     6.066    C0/DetectedDigit[2]_i_9_n_0
    SLICE_X40Y51         LUT6 (Prop_lut6_I5_O)        0.124     6.190 r  C0/DetectedDigit[2]_i_2/O
                         net (fo=2, routed)           0.608     6.798    C0/p_1_in[2]
    SLICE_X42Y51         LUT6 (Prop_lut6_I1_O)        0.124     6.922 r  C0/DetectedDigit[2]_i_1/O
                         net (fo=1, routed)           0.000     6.922    C0/DetectedDigit[2]_i_1_n_0
    SLICE_X42Y51         FDRE                                         r  C0/DetectedDigit_reg[2]/D
  -------------------------------------------------------------------    -------------------

                         (clock sys_clk_pin rise edge)
                                                      0.000     0.000 r  
    K17                                               0.000     0.000 r  clk (IN)
                         net (fo=0)                   0.000     0.000    clk
    K17                  IBUF (Prop_ibuf_I_O)         1.421     1.421 r  clk_IBUF_inst/O
                         net (fo=1, routed)           1.880     3.301    clk_IBUF
    BUFGCTRL_X0Y16       BUFG (Prop_bufg_I_O)         0.091     3.392 r  clk_IBUF_BUFG_inst/O
                         net (fo=80, routed)          1.564     4.956    C0/clk_IBUF_BUFG
    SLICE_X42Y51         FDRE                                         r  C0/DetectedDigit_reg[2]/C

Slack:                    inf
  Source:                 JC[5]
                            (input port)
  Destination:            C0/KeyActive_reg/D
                            (rising edge-triggered cell FDRE clocked by sys_clk_pin  {rise@0.000ns fall@4.000ns period=8.000ns})
  Path Group:             (none)
  Path Type:              Setup (Max at Slow Process Corner)
  Data Path Delay:        4.806ns  (logic 2.063ns (42.929%)  route 2.743ns (57.071%))
  Logic Levels:           3  (IBUF=1 LUT5=2)
  Clock Path Skew:        4.955ns (DCD - SCD + CPR)
    Destination Clock Delay (DCD):    4.955ns
    Source Clock Delay      (SCD):    0.000ns
    Clock Pessimism Removal (CPR):    0.000ns
  Clock Uncertainty:      0.025ns  ((TSJ^2 + TIJ^2)^1/2 + DJ) / 2 + PE
    Total System Jitter     (TSJ):    0.050ns
    Total Input Jitter      (TIJ):    0.000ns
    Discrete Jitter          (DJ):    0.000ns
    Phase Error              (PE):    0.000ns

    Location             Delay type                Incr(ns)  Path(ns)    Netlist Resource(s)
  -------------------------------------------------------------------    -------------------
    Y14                                               0.000     0.000 r  JC[5] (INOUT)
                         net (fo=0)                   0.000     0.000    JC[5]
    Y14                  IBUF (Prop_ibuf_I_O)         1.585     1.585 r  JC_IBUF[5]_inst/O
                         net (fo=20, routed)          2.304     3.889    C0/JC_IBUF[1]
    SLICE_X39Y52         LUT5 (Prop_lut5_I1_O)        0.152     4.041 r  C0/KeyActive_i_2/O
                         net (fo=1, routed)           0.439     4.480    C0/KeyActive_i_2_n_0
    SLICE_X36Y51         LUT5 (Prop_lut5_I0_O)        0.326     4.806 r  C0/KeyActive_i_1/O
                         net (fo=1, routed)           0.000     4.806    C0/KeyActive_i_1_n_0
    SLICE_X36Y51         FDRE                                         r  C0/KeyActive_reg/D
  -------------------------------------------------------------------    -------------------

                         (clock sys_clk_pin rise edge)
                                                      0.000     0.000 r  
    K17                                               0.000     0.000 r  clk (IN)
                         net (fo=0)                   0.000     0.000    clk
    K17                  IBUF (Prop_ibuf_I_O)         1.421     1.421 r  clk_IBUF_inst/O
                         net (fo=1, routed)           1.880     3.301    clk_IBUF
    BUFGCTRL_X0Y16       BUFG (Prop_bufg_I_O)         0.091     3.392 r  clk_IBUF_BUFG_inst/O
                         net (fo=80, routed)          1.563     4.955    C0/clk_IBUF_BUFG
    SLICE_X36Y51         FDRE                                         r  C0/KeyActive_reg/C





Min Delay Paths
--------------------------------------------------------------------------------------
Slack:                    inf
  Source:                 JC[7]
                            (input port)
  Destination:            C0/DetectedDigit_reg[1]/D
                            (rising edge-triggered cell FDRE clocked by sys_clk_pin  {rise@0.000ns fall@4.000ns period=8.000ns})
  Path Group:             (none)
  Path Type:              Hold (Min at Fast Process Corner)
  Data Path Delay:        0.965ns  (logic 0.363ns (37.653%)  route 0.601ns (62.347%))
  Logic Levels:           2  (IBUF=1 LUT6=1)
  Clock Path Skew:        2.018ns (DCD - SCD - CPR)
    Destination Clock Delay (DCD):    2.018ns
    Source Clock Delay      (SCD):    0.000ns
    Clock Pessimism Removal (CPR):    -0.000ns

    Location             Delay type                Incr(ns)  Path(ns)    Netlist Resource(s)
  -------------------------------------------------------------------    -------------------
    U12                                               0.000     0.000 r  JC[7] (INOUT)
                         net (fo=0)                   0.000     0.000    JC[7]
    U12                  IBUF (Prop_ibuf_I_O)         0.318     0.318 r  JC_IBUF[7]_inst/O
                         net (fo=18, routed)          0.601     0.920    C0/JC_IBUF[3]
    SLICE_X43Y52         LUT6 (Prop_lut6_I2_O)        0.045     0.965 r  C0/DetectedDigit[1]_i_1/O
                         net (fo=1, routed)           0.000     0.965    C0/DetectedDigit[1]_i_1_n_0
    SLICE_X43Y52         FDRE                                         r  C0/DetectedDigit_reg[1]/D
  -------------------------------------------------------------------    -------------------

                         (clock sys_clk_pin rise edge)
                                                      0.000     0.000 r  
    K17                                               0.000     0.000 r  clk (IN)
                         net (fo=0)                   0.000     0.000    clk
    K17                  IBUF (Prop_ibuf_I_O)         0.447     0.447 r  clk_IBUF_inst/O
                         net (fo=1, routed)           0.683     1.130    clk_IBUF
    BUFGCTRL_X0Y16       BUFG (Prop_bufg_I_O)         0.029     1.159 r  clk_IBUF_BUFG_inst/O
                         net (fo=80, routed)          0.859     2.018    C0/clk_IBUF_BUFG
    SLICE_X43Y52         FDRE                                         r  C0/DetectedDigit_reg[1]/C

Slack:                    inf
  Source:                 JC[6]
                            (input port)
  Destination:            C0/DetectedDigit_reg[0]/D
                            (rising edge-triggered cell FDRE clocked by sys_clk_pin  {rise@0.000ns fall@4.000ns period=8.000ns})
  Path Group:             (none)
  Path Type:              Hold (Min at Fast Process Corner)
  Data Path Delay:        1.117ns  (logic 0.399ns (35.724%)  route 0.718ns (64.276%))
  Logic Levels:           3  (IBUF=1 LUT6=2)
  Clock Path Skew:        2.018ns (DCD - SCD - CPR)
    Destination Clock Delay (DCD):    2.018ns
    Source Clock Delay      (SCD):    0.000ns
    Clock Pessimism Removal (CPR):    -0.000ns

    Location             Delay type                Incr(ns)  Path(ns)    Netlist Resource(s)
  -------------------------------------------------------------------    -------------------
    T12                                               0.000     0.000 f  JC[6] (INOUT)
                         net (fo=0)                   0.000     0.000    JC[6]
    T12                  IBUF (Prop_ibuf_I_O)         0.309     0.309 f  JC_IBUF[6]_inst/O
                         net (fo=20, routed)          0.660     0.969    C0/JC_IBUF[2]
    SLICE_X40Y51         LUT6 (Prop_lut6_I3_O)        0.045     1.014 r  C0/DetectedDigit[0]_i_3/O
                         net (fo=1, routed)           0.058     1.072    C0/DetectedDigit[0]_i_3_n_0
    SLICE_X40Y51         LUT6 (Prop_lut6_I3_O)        0.045     1.117 r  C0/DetectedDigit[0]_i_1/O
                         net (fo=1, routed)           0.000     1.117    C0/DetectedDigit[0]_i_1_n_0
    SLICE_X40Y51         FDRE                                         r  C0/DetectedDigit_reg[0]/D
  -------------------------------------------------------------------    -------------------

                         (clock sys_clk_pin rise edge)
                                                      0.000     0.000 r  
    K17                                               0.000     0.000 r  clk (IN)
                         net (fo=0)                   0.000     0.000    clk
    K17                  IBUF (Prop_ibuf_I_O)         0.447     0.447 r  clk_IBUF_inst/O
                         net (fo=1, routed)           0.683     1.130    clk_IBUF
    BUFGCTRL_X0Y16       BUFG (Prop_bufg_I_O)         0.029     1.159 r  clk_IBUF_BUFG_inst/O
                         net (fo=80, routed)          0.859     2.018    C0/clk_IBUF_BUFG
    SLICE_X40Y51         FDRE                                         r  C0/DetectedDigit_reg[0]/C

Slack:                    inf
  Source:                 JC[7]
                            (input port)
  Destination:            C0/DetectedDigit_reg[3]/D
                            (rising edge-triggered cell FDRE clocked by sys_clk_pin  {rise@0.000ns fall@4.000ns period=8.000ns})
  Path Group:             (none)
  Path Type:              Hold (Min at Fast Process Corner)
  Data Path Delay:        1.164ns  (logic 0.408ns (35.061%)  route 0.756ns (64.939%))
  Logic Levels:           3  (IBUF=1 LUT5=1 LUT6=1)
  Clock Path Skew:        2.018ns (DCD - SCD - CPR)
    Destination Clock Delay (DCD):    2.018ns
    Source Clock Delay      (SCD):    0.000ns
    Clock Pessimism Removal (CPR):    -0.000ns

    Location             Delay type                Incr(ns)  Path(ns)    Netlist Resource(s)
  -------------------------------------------------------------------    -------------------
    U12                                               0.000     0.000 r  JC[7] (INOUT)
                         net (fo=0)                   0.000     0.000    JC[7]
    U12                  IBUF (Prop_ibuf_I_O)         0.318     0.318 r  JC_IBUF[7]_inst/O
                         net (fo=18, routed)          0.651     0.969    C0/JC_IBUF[3]
    SLICE_X41Y52         LUT6 (Prop_lut6_I1_O)        0.045     1.014 r  C0/DetectedDigit[3]_i_3/O
                         net (fo=1, routed)           0.105     1.119    C0/DetectedDigit[3]_i_3_n_0
    SLICE_X41Y51         LUT5 (Prop_lut5_I1_O)        0.045     1.164 r  C0/DetectedDigit[3]_i_1/O
                         net (fo=1, routed)           0.000     1.164    C0/DetectedDigit[3]_i_1_n_0
    SLICE_X41Y51         FDRE                                         r  C0/DetectedDigit_reg[3]/D
  -------------------------------------------------------------------    -------------------

                         (clock sys_clk_pin rise edge)
                                                      0.000     0.000 r  
    K17                                               0.000     0.000 r  clk (IN)
                         net (fo=0)                   0.000     0.000    clk
    K17                  IBUF (Prop_ibuf_I_O)         0.447     0.447 r  clk_IBUF_inst/O
                         net (fo=1, routed)           0.683     1.130    clk_IBUF
    BUFGCTRL_X0Y16       BUFG (Prop_bufg_I_O)         0.029     1.159 r  clk_IBUF_BUFG_inst/O
                         net (fo=80, routed)          0.859     2.018    C0/clk_IBUF_BUFG
    SLICE_X41Y51         FDRE                                         r  C0/DetectedDigit_reg[3]/C

Slack:                    inf
  Source:                 JC[6]
                            (input port)
  Destination:            C0/DetectedDigit_reg[2]/D
                            (rising edge-triggered cell FDRE clocked by sys_clk_pin  {rise@0.000ns fall@4.000ns period=8.000ns})
  Path Group:             (none)
  Path Type:              Hold (Min at Fast Process Corner)
  Data Path Delay:        1.260ns  (logic 0.399ns (31.667%)  route 0.861ns (68.333%))
  Logic Levels:           3  (IBUF=1 LUT6=2)
  Clock Path Skew:        2.018ns (DCD - SCD - CPR)
    Destination Clock Delay (DCD):    2.018ns
    Source Clock Delay      (SCD):    0.000ns
    Clock Pessimism Removal (CPR):    -0.000ns

    Location             Delay type                Incr(ns)  Path(ns)    Netlist Resource(s)
  -------------------------------------------------------------------    -------------------
    T12                                               0.000     0.000 f  JC[6] (INOUT)
                         net (fo=0)                   0.000     0.000    JC[6]
    T12                  IBUF (Prop_ibuf_I_O)         0.309     0.309 f  JC_IBUF[6]_inst/O
                         net (fo=20, routed)          0.632     0.941    C0/JC_IBUF[2]
    SLICE_X42Y51         LUT6 (Prop_lut6_I4_O)        0.045     0.986 r  C0/DetectedDigit[2]_i_5/O
                         net (fo=1, routed)           0.229     1.215    C0/DetectedDigit[2]_i_5_n_0
    SLICE_X42Y51         LUT6 (Prop_lut6_I4_O)        0.045     1.260 r  C0/DetectedDigit[2]_i_1/O
                         net (fo=1, routed)           0.000     1.260    C0/DetectedDigit[2]_i_1_n_0
    SLICE_X42Y51         FDRE                                         r  C0/DetectedDigit_reg[2]/D
  -------------------------------------------------------------------    -------------------

                         (clock sys_clk_pin rise edge)
                                                      0.000     0.000 r  
    K17                                               0.000     0.000 r  clk (IN)
                         net (fo=0)                   0.000     0.000    clk
    K17                  IBUF (Prop_ibuf_I_O)         0.447     0.447 r  clk_IBUF_inst/O
                         net (fo=1, routed)           0.683     1.130    clk_IBUF
    BUFGCTRL_X0Y16       BUFG (Prop_bufg_I_O)         0.029     1.159 r  clk_IBUF_BUFG_inst/O
                         net (fo=80, routed)          0.859     2.018    C0/clk_IBUF_BUFG
    SLICE_X42Y51         FDRE                                         r  C0/DetectedDigit_reg[2]/C

Slack:                    inf
  Source:                 JC[6]
                            (input port)
  Destination:            C0/KeyActive_reg/D
                            (rising edge-triggered cell FDRE clocked by sys_clk_pin  {rise@0.000ns fall@4.000ns period=8.000ns})
  Path Group:             (none)
  Path Type:              Hold (Min at Fast Process Corner)
  Data Path Delay:        1.292ns  (logic 0.462ns (35.741%)  route 0.831ns (64.259%))
  Logic Levels:           3  (IBUF=1 LUT5=2)
  Clock Path Skew:        2.016ns (DCD - SCD - CPR)
    Destination Clock Delay (DCD):    2.016ns
    Source Clock Delay      (SCD):    0.000ns
    Clock Pessimism Removal (CPR):    -0.000ns

    Location             Delay type                Incr(ns)  Path(ns)    Netlist Resource(s)
  -------------------------------------------------------------------    -------------------
    T12                                               0.000     0.000 r  JC[6] (INOUT)
                         net (fo=0)                   0.000     0.000    JC[6]
    T12                  IBUF (Prop_ibuf_I_O)         0.309     0.309 r  JC_IBUF[6]_inst/O
                         net (fo=20, routed)          0.670     0.979    C0/JC_IBUF[2]
    SLICE_X39Y52         LUT5 (Prop_lut5_I4_O)        0.046     1.025 r  C0/KeyActive_i_2/O
                         net (fo=1, routed)           0.160     1.185    C0/KeyActive_i_2_n_0
    SLICE_X36Y51         LUT5 (Prop_lut5_I0_O)        0.107     1.292 r  C0/KeyActive_i_1/O
                         net (fo=1, routed)           0.000     1.292    C0/KeyActive_i_1_n_0
    SLICE_X36Y51         FDRE                                         r  C0/KeyActive_reg/D
  -------------------------------------------------------------------    -------------------

                         (clock sys_clk_pin rise edge)
                                                      0.000     0.000 r  
    K17                                               0.000     0.000 r  clk (IN)
                         net (fo=0)                   0.000     0.000    clk
    K17                  IBUF (Prop_ibuf_I_O)         0.447     0.447 r  clk_IBUF_inst/O
                         net (fo=1, routed)           0.683     1.130    clk_IBUF
    BUFGCTRL_X0Y16       BUFG (Prop_bufg_I_O)         0.029     1.159 r  clk_IBUF_BUFG_inst/O
                         net (fo=80, routed)          0.857     2.016    C0/clk_IBUF_BUFG
    SLICE_X36Y51         FDRE                                         r  C0/KeyActive_reg/C





